,features
0,[]
1,[]
2,[]
3,[]
4,[]
5,[]
6,[]
7,[]
8,[]
9,[]
10,[]
11,[]
12,[]
13,"[523, 1741, 2023]"
14,"[523, 1741, 2023, 2234, 2259]"
15,"[430, 523, 577, 1741, 1766, 1882, 2023, 2159, 2234, 2259, 2404, 2412]"
16,"[430, 523, 577, 1741, 1766, 1882, 1901, 2023, 2159, 2234, 2259, 2404, 2412]"
17,"[430, 523, 577, 1741, 1766, 1882, 1901, 2023, 2159, 2234, 2259, 2404, 2412]"
18,"[0, 178, 430, 523, 577, 845, 1208, 1336, 1741, 1766, 1882, 1901, 1986, 2023, 2159, 2234, 2259, 2404, 2412]"
19,"[0, 168, 178, 430, 523, 577, 845, 860, 1208, 1336, 1553, 1581, 1645, 1741, 1766, 1862, 1881, 1882, 1901, 1912, 1985, 1986, 2023, 2086, 2159, 2234, 2259, 2276, 2404, 2412, 2417, 2481]"
20,"[0, 60, 83, 168, 178, 430, 433, 523, 528, 577, 811, 825, 845, 860, 1020, 1208, 1336, 1445, 1553, 1581, 1645, 1741, 1766, 1862, 1881, 1882, 1901, 1912, 1985, 1986, 2023, 2086, 2159, 2234, 2259, 2269, 2276, 2361, 2404, 2412, 2417, 2461, 2481, 2512]"
21,"[0, 60, 83, 168, 178, 273, 401, 430, 433, 438, 520, 523, 528, 553, 554, 577, 788, 809, 811, 825, 845, 849, 860, 872, 1020, 1043, 1208, 1213, 1252, 1283, 1284, 1336, 1445, 1527, 1553, 1581, 1645, 1739, 1741, 1744, 1766, 1862, 1865, 1881, 1882, 1901, 1912, 1958, 1985, 1986, 1991, 2023, 2053, 2086, 2159, 2215, 2234, 2259, 2269, 2275, 2276, 2297, 2323, 2328, 2351, 2354, 2360, 2361, 2404, 2412, 2417, 2421, 2461, 2481, 2510, 2512, 2567, 2658]"
22,"[0, 4, 60, 83, 110, 161, 168, 178, 273, 293, 304, 344, 401, 426, 430, 433, 438, 456, 518, 520, 523, 528, 533, 553, 554, 568, 577, 580, 595, 618, 655, 681, 688, 745, 788, 809, 811, 825, 845, 849, 860, 861, 872, 936, 1020, 1043, 1062, 1090, 1208, 1213, 1252, 1275, 1283, 1284, 1336, 1415, 1429, 1445, 1449, 1495, 1521, 1527, 1553, 1581, 1606, 1613, 1622, 1629, 1645, 1739, 1741, 1743, 1744, 1766, 1854, 1862, 1865, 1881, 1882, 1901, 1912, 1914, 1958, 1959, 1985, 1986, 1987, 1991, 2023, 2053, 2060, 2061, 2078, 2086, 2094, 2095, 2113, 2138, 2139, 2146, 2159, 2215, 2234, 2259, 2269, 2275, 2276, 2297, 2299, 2302, 2323, 2325, 2326, 2328, 2342, 2347, 2348, 2351, 2352, 2354, 2355, 2360, 2361, 2388, 2404, 2412, 2417, 2418, 2421, 2441, 2461, 2481, 2507, 2510, 2512, 2567, 2577, 2596, 2608, 2609, 2658]"
23,"[0, 4, 39, 60, 61, 79, 83, 88, 94, 100, 101, 104, 110, 134, 141, 143, 161, 167, 168, 171, 172, 173, 178, 273, 293, 304, 330, 333, 344, 352, 364, 378, 380, 386, 401, 406, 426, 430, 433, 438, 456, 518, 520, 528, 533, 553, 554, 568, 577, 580, 595, 618, 626, 655, 658, 663, 681, 688, 704, 745, 777, 784, 788, 805, 809, 811, 825, 845, 846, 849, 860, 861, 872, 936, 976, 977, 978, 979, 980, 982, 984, 1020, 1043, 1062, 1077, 1082, 1090, 1098, 1183, 1184, 1208, 1213, 1248, 1252, 1272, 1275, 1283, 1284, 1290, 1330, 1332, 1336, 1415, 1429, 1445, 1449, 1451, 1495, 1514, 1518, 1521, 1524, 1527, 1531, 1532, 1553, 1558, 1581, 1598, 1606, 1613, 1618, 1622, 1629, 1631, 1632, 1635, 1636, 1642, 1645, 1672, 1717, 1724, 1739, 1743, 1744, 1766, 1769, 1776, 1854, 1862, 1865, 1877, 1881, 1882, 1888, 1901, 1912, 1914, 1942, 1958, 1959, 1985, 1986, 1987, 1991, 2053, 2058, 2060, 2061, 2064, 2078, 2085, 2086, 2094, 2095, 2113, 2114, 2115, 2122, 2138, 2139, 2146, 2154, 2159, 2175, 2214, 2215, 2234, 2259, 2268, 2269, 2274, 2275, 2276, 2293, 2296, 2297, 2298, 2299, 2302, 2323, 2325, 2326, 2328, 2332, 2333, 2334, 2336, 2339, 2342, 2346, 2347, 2348, 2349, 2351, 2352, 2354, 2355, 2359, 2360, 2361, 2367, 2388, 2397, 2404, 2412, 2413, 2417, 2418, 2421, 2422, 2441, 2447, 2461, 2463, 2481, 2507, 2510, 2512, 2567, 2568, 2577, 2596, 2608, 2609, 2633, 2658]"
24,"[0, 4, 16, 38, 39, 48, 60, 61, 64, 65, 79, 83, 86, 88, 94, 97, 100, 101, 104, 107, 110, 112, 133, 134, 141, 143, 161, 163, 167, 168, 170, 171, 172, 173, 176, 177, 178, 273, 293, 294, 301, 304, 309, 330, 333, 336, 342, 344, 352, 359, 364, 365, 370, 377, 378, 380, 384, 385, 386, 390, 391, 400, 401, 406, 414, 415, 416, 417, 426, 430, 431, 432, 433, 438, 440, 451, 456, 476, 518, 520, 521, 522, 525, 528, 532, 533, 553, 554, 559, 568, 569, 573, 577, 580, 581, 582, 583, 584, 588, 594, 595, 596, 600, 618, 626, 632, 655, 657, 658, 663, 667, 678, 681, 686, 688, 689, 700, 704, 726, 745, 752, 777, 784, 788, 797, 805, 809, 811, 812, 813, 815, 816, 825, 845, 846, 849, 855, 860, 861, 867, 872, 900, 935, 936, 942, 976, 977, 978, 979, 980, 982, 984, 1000, 1001, 1002, 1003, 1020, 1021, 1043, 1045, 1050, 1058, 1062, 1064, 1070, 1072, 1077, 1079, 1080, 1082, 1083, 1088, 1090, 1098, 1159, 1160, 1163, 1182, 1183, 1184, 1198, 1199, 1208, 1210, 1213, 1218, 1219, 1220, 1248, 1252, 1254, 1266, 1270, 1272, 1275, 1283, 1284, 1290, 1291, 1299, 1303, 1326, 1330, 1332, 1334, 1336, 1392, 1393, 1395, 1415, 1428, 1429, 1445, 1447, 1448, 1449, 1451, 1457, 1459, 1460, 1462, 1464, 1470, 1477, 1495, 1506, 1514, 1518, 1519, 1521, 1524, 1526, 1527, 1531, 1532, 1534, 1536, 1553, 1558, 1567, 1569, 1576, 1577, 1581, 1584, 1586, 1594, 1598, 1599, 1600, 1603, 1604, 1605, 1606, 1613, 1618, 1622, 1623, 1628, 1629, 1631, 1632, 1633, 1634, 1635, 1636, 1637, 1642, 1645, 1651, 1652, 1656, 1668, 1672, 1673, 1675, 1680, 1693, 1709, 1717, 1724, 1739, 1743, 1744, 1755, 1756, 1766, 1769, 1775, 1776, 1854, 1856, 1862, 1865, 1876, 1877, 1879, 1881, 1882, 1888, 1892, 1901, 1902, 1903, 1910, 1912, 1914, 1917, 1921, 1927, 1942, 1958, 1959, 1976, 1978, 1984, 1985, 1986, 1987, 1991, 2028, 2053, 2058, 2059, 2060, 2061, 2062, 2063, 2064, 2078, 2079, 2082, 2085, 2086, 2090, 2091, 2094, 2095, 2113, 2114, 2115, 2116, 2119, 2120, 2122, 2135, 2138, 2139, 2142, 2145, 2146, 2154, 2159, 2163, 2174, 2175, 2214, 2215, 2218, 2219, 2231, 2263, 2268, 2269, 2274, 2275, 2276, 2277, 2281, 2293, 2296, 2297, 2298, 2299, 2302, 2323, 2325, 2326, 2328, 2332, 2333, 2334, 2336, 2337, 2339, 2342, 2345, 2346, 2347, 2348, 2349, 2351, 2352, 2354, 2355, 2359, 2360, 2361, 2366, 2367, 2372, 2387, 2388, 2392, 2396, 2397, 2400, 2404, 2412, 2413, 2417, 2418, 2420, 2421, 2422, 2433, 2441, 2447, 2448, 2456, 2457, 2458, 2459, 2460, 2461, 2463, 2478, 2479, 2481, 2505, 2507, 2510, 2512, 2521, 2522, 2556, 2559, 2560, 2563, 2567, 2568, 2577, 2596, 2600, 2608, 2609, 2612, 2613, 2617, 2633, 2641, 2658, 2659, 2664]"
25,"[0, 4, 16, 38, 39, 48, 60, 61, 63, 64, 65, 78, 79, 83, 86, 88, 94, 97, 98, 100, 101, 102, 104, 107, 110, 112, 120, 133, 134, 137, 141, 143, 161, 163, 167, 168, 170, 171, 172, 173, 176, 177, 178, 207, 273, 293, 294, 300, 301, 304, 306, 307, 308, 309, 310, 311, 312, 314, 318, 328, 330, 333, 336, 340, 342, 344, 352, 353, 354, 355, 356, 358, 359, 360, 364, 365, 370, 376, 377, 378, 380, 384, 385, 386, 390, 391, 397, 400, 401, 406, 414, 415, 416, 417, 426, 427, 431, 432, 433, 438, 440, 442, 443, 444, 449, 451, 456, 457, 459, 476, 478, 482, 510, 511, 512, 513, 518, 519, 520, 521, 522, 525, 528, 532, 533, 539, 540, 544, 545, 546, 553, 554, 559, 565, 568, 569, 573, 580, 581, 582, 583, 584, 588, 592, 594, 595, 596, 600, 602, 603, 618, 626, 632, 652, 655, 657, 658, 663, 667, 678, 681, 686, 688, 689, 700, 704, 726, 745, 752, 776, 777, 784, 788, 797, 798, 805, 809, 811, 812, 813, 814, 815, 816, 825, 845, 846, 849, 855, 856, 860, 861, 862, 864, 867, 871, 872, 894, 895, 896, 900, 906, 935, 936, 942, 957, 958, 975, 976, 977, 978, 979, 980, 981, 982, 984, 999, 1000, 1001, 1002, 1003, 1007, 1008, 1020, 1021, 1023, 1026, 1031, 1043, 1045, 1050, 1058, 1062, 1064, 1070, 1071, 1072, 1076, 1077, 1079, 1080, 1081, 1082, 1083, 1088, 1090, 1096, 1098, 1129, 1130, 1138, 1140, 1159, 1160, 1163, 1164, 1170, 1180, 1182, 1183, 1184, 1198, 1199, 1208, 1210, 1212, 1213, 1217, 1218, 1219, 1220, 1221, 1248, 1252, 1254, 1260, 1266, 1270, 1271, 1272, 1275, 1283, 1284, 1289, 1290, 1291, 1296, 1299, 1303, 1317, 1326, 1330, 1332, 1334, 1336, 1392, 1393, 1395, 1406, 1415, 1424, 1427, 1428, 1429, 1430, 1444, 1445, 1447, 1448, 1449, 1451, 1452, 1457, 1459, 1460, 1462, 1464, 1468, 1470, 1477, 1484, 1488, 1489, 1492, 1493, 1495, 1506, 1514, 1518, 1519, 1521, 1524, 1526, 1527, 1531, 1532, 1534, 1536, 1553, 1558, 1559, 1567, 1569, 1571, 1572, 1576, 1577, 1580, 1581, 1584, 1585, 1586, 1594, 1598, 1599, 1600, 1602, 1603, 1604, 1605, 1606, 1613, 1618, 1621, 1622, 1623, 1628, 1629, 1631, 1632, 1633, 1634, 1635, 1636, 1637, 1638, 1642, 1645, 1651, 1652, 1654, 1655, 1656, 1668, 1672, 1673, 1675, 1678, 1679, 1680, 1693, 1709, 1717, 1724, 1733, 1739, 1743, 1744, 1746, 1754, 1755, 1756, 1769, 1775, 1776, 1777, 1841, 1854, 1856, 1862, 1865, 1876, 1877, 1879, 1881, 1888, 1890, 1891, 1892, 1893, 1901, 1902, 1903, 1910, 1912, 1914, 1917, 1921, 1927, 1942, 1958, 1959, 1976, 1978, 1984, 1985, 1986, 1987, 1991, 2011, 2028, 2029, 2053, 2058, 2059, 2060, 2061, 2062, 2063, 2064, 2078, 2079, 2082, 2085, 2086, 2090, 2091, 2094, 2095, 2113, 2114, 2115, 2116, 2119, 2120, 2122, 2135, 2136, 2138, 2139, 2142, 2143, 2145, 2146, 2151, 2154, 2163, 2167, 2174, 2175, 2188, 2191, 2192, 2214, 2215, 2216, 2218, 2219, 2225, 2231, 2263, 2268, 2269, 2274, 2275, 2276, 2277, 2278, 2281, 2285, 2288, 2293, 2296, 2297, 2298, 2299, 2302, 2323, 2325, 2326, 2328, 2332, 2333, 2334, 2336, 2337, 2339, 2341, 2342, 2345, 2346, 2347, 2348, 2349, 2351, 2352, 2354, 2355, 2359, 2360, 2361, 2366, 2367, 2372, 2387, 2388, 2392, 2396, 2397, 2398, 2400, 2413, 2417, 2418, 2420, 2421, 2422, 2433, 2441, 2447, 2448, 2456, 2457, 2458, 2459, 2460, 2461, 2463, 2465, 2470, 2471, 2472, 2478, 2479, 2481, 2489, 2505, 2507, 2510, 2512, 2517, 2521, 2522, 2556, 2558, 2559, 2560, 2563, 2567, 2568, 2577, 2585, 2586, 2596, 2600, 2608, 2609, 2611, 2612, 2613, 2617, 2633, 2641, 2658, 2659, 2660, 2664, 2709, 2712]"
26,"[0, 4, 16, 38, 39, 48, 60, 61, 63, 64, 65, 78, 79, 83, 86, 88, 94, 95, 97, 98, 100, 101, 102, 104, 107, 110, 112, 120, 126, 133, 134, 137, 141, 143, 161, 163, 165, 167, 168, 170, 171, 172, 173, 176, 177, 178, 207, 273, 276, 293, 294, 300, 301, 304, 306, 307, 308, 309, 310, 311, 312, 313, 314, 315, 318, 328, 329, 330, 333, 336, 340, 342, 344, 352, 353, 354, 355, 356, 357, 358, 359, 360, 364, 365, 366, 370, 376, 377, 378, 380, 384, 385, 386, 390, 391, 397, 400, 401, 406, 414, 415, 416, 417, 426, 427, 431, 432, 433, 438, 440, 442, 443, 444, 449, 450, 451, 456, 457, 458, 459, 470, 472, 476, 478, 482, 486, 494, 503, 504, 505, 506, 508, 509, 510, 511, 512, 513, 514, 518, 519, 520, 521, 522, 525, 528, 532, 533, 539, 540, 541, 542, 543, 544, 545, 546, 553, 554, 559, 565, 568, 569, 573, 580, 581, 582, 583, 584, 588, 590, 592, 594, 595, 596, 600, 601, 602, 603, 618, 626, 628, 632, 652, 655, 657, 658, 663, 667, 673, 678, 681, 686, 688, 689, 692, 699, 700, 704, 726, 745, 752, 756, 776, 777, 784, 788, 797, 798, 800, 805, 809, 811, 812, 813, 814, 815, 816, 825, 830, 845, 846, 849, 852, 853, 855, 856, 860, 861, 862, 863, 864, 867, 871, 872, 894, 895, 896, 898, 900, 906, 935, 936, 942, 957, 958, 975, 976, 977, 978, 979, 980, 981, 982, 984, 986, 987, 988, 989, 990, 993, 994, 995, 999, 1000, 1001, 1002, 1003, 1007, 1008, 1013, 1017, 1020, 1021, 1023, 1026, 1031, 1041, 1043, 1044, 1045, 1050, 1058, 1062, 1064, 1070, 1071, 1072, 1073, 1074, 1076, 1077, 1079, 1080, 1081, 1082, 1083, 1088, 1089, 1090, 1096, 1097, 1098, 1129, 1130, 1137, 1138, 1139, 1140, 1158, 1159, 1160, 1163, 1164, 1169, 1170, 1180, 1182, 1183, 1184, 1198, 1199, 1203, 1205, 1208, 1210, 1212, 1213, 1214, 1217, 1218, 1219, 1220, 1221, 1248, 1252, 1254, 1255, 1259, 1260, 1266, 1270, 1271, 1272, 1275, 1283, 1284, 1289, 1290, 1291, 1295, 1296, 1299, 1303, 1317, 1326, 1330, 1332, 1334, 1336, 1392, 1393, 1395, 1406, 1415, 1423, 1424, 1425, 1427, 1428, 1429, 1430, 1444, 1445, 1447, 1448, 1449, 1451, 1452, 1457, 1459, 1460, 1462, 1464, 1468, 1470, 1477, 1484, 1488, 1489, 1492, 1493, 1495, 1506, 1514, 1518, 1519, 1521, 1524, 1526, 1527, 1531, 1532, 1534, 1536, 1553, 1555, 1558, 1559, 1567, 1569, 1571, 1572, 1576, 1577, 1580, 1581, 1584, 1585, 1586, 1594, 1598, 1599, 1600, 1601, 1602, 1603, 1604, 1605, 1606, 1613, 1618, 1621, 1622, 1623, 1628, 1629, 1631, 1632, 1633, 1634, 1635, 1636, 1637, 1638, 1642, 1645, 1651, 1652, 1654, 1655, 1656, 1668, 1672, 1673, 1675, 1678, 1679, 1680, 1682, 1684, 1690, 1693, 1709, 1717, 1724, 1733, 1739, 1743, 1744, 1746, 1754, 1755, 1756, 1764, 1769, 1775, 1776, 1777, 1788, 1819, 1841, 1854, 1856, 1862, 1865, 1876, 1877, 1878, 1879, 1881, 1888, 1890, 1891, 1892, 1893, 1902, 1903, 1910, 1912, 1913, 1914, 1917, 1921, 1927, 1942, 1948, 1958, 1959, 1976, 1978, 1984, 1985, 1986, 1987, 1991, 2000, 2011, 2028, 2029, 2053, 2058, 2059, 2060, 2061, 2062, 2063, 2064, 2078, 2079, 2082, 2085, 2086, 2087, 2090, 2091, 2094, 2095, 2113, 2114, 2115, 2116, 2119, 2120, 2122, 2135, 2136, 2138, 2139, 2142, 2143, 2145, 2146, 2151, 2154, 2158, 2163, 2167, 2168, 2174, 2175, 2188, 2191, 2192, 2197, 2205, 2214, 2215, 2216, 2218, 2219, 2225, 2226, 2231, 2263, 2268, 2269, 2274, 2275, 2276, 2277, 2278, 2281, 2285, 2288, 2293, 2296, 2297, 2298, 2299, 2302, 2323, 2325, 2326, 2328, 2332, 2333, 2334, 2336, 2337, 2339, 2341, 2342, 2343, 2345, 2346, 2347, 2348, 2349, 2351, 2352, 2353, 2354, 2355, 2358, 2359, 2360, 2361, 2366, 2367, 2372, 2387, 2388, 2392, 2393, 2396, 2397, 2398, 2399, 2400, 2413, 2417, 2418, 2420, 2421, 2422, 2433, 2441, 2447, 2448, 2449, 2456, 2457, 2458, 2459, 2460, 2461, 2463, 2465, 2470, 2471, 2472, 2478, 2479, 2481, 2489, 2505, 2507, 2510, 2512, 2516, 2517, 2518, 2521, 2522, 2523, 2539, 2554, 2556, 2557, 2558, 2559, 2560, 2563, 2567, 2568, 2577, 2585, 2586, 2596, 2600, 2601, 2606, 2608, 2609, 2610, 2611, 2612, 2613, 2616, 2617, 2618, 2626, 2633, 2637, 2641, 2658, 2659, 2660, 2664, 2666, 2692, 2709, 2712]"
27,"[0, 4, 16, 38, 39, 40, 48, 60, 61, 63, 64, 65, 78, 79, 83, 86, 88, 94, 95, 97, 98, 100, 101, 102, 104, 107, 110, 112, 120, 125, 126, 127, 133, 134, 137, 141, 143, 161, 163, 164, 165, 167, 168, 170, 171, 172, 173, 176, 177, 178, 206, 207, 273, 276, 293, 294, 300, 301, 304, 306, 307, 308, 309, 310, 311, 312, 313, 314, 315, 318, 328, 329, 330, 333, 336, 340, 342, 344, 352, 353, 354, 355, 356, 357, 358, 359, 360, 364, 365, 366, 370, 376, 377, 378, 380, 384, 385, 386, 390, 391, 397, 400, 401, 406, 414, 415, 416, 417, 426, 427, 431, 432, 433, 438, 440, 441, 442, 443, 444, 449, 450, 451, 456, 457, 458, 459, 470, 472, 476, 478, 482, 486, 494, 503, 504, 505, 506, 508, 509, 510, 511, 512, 513, 514, 518, 519, 520, 521, 522, 525, 528, 532, 533, 539, 540, 541, 542, 543, 544, 545, 546, 553, 554, 556, 559, 565, 568, 569, 573, 580, 581, 582, 583, 584, 588, 589, 590, 592, 594, 595, 596, 600, 601, 602, 603, 618, 626, 628, 632, 652, 653, 655, 657, 658, 663, 667, 673, 678, 681, 686, 688, 689, 692, 699, 700, 704, 726, 745, 752, 755, 756, 761, 776, 777, 784, 788, 797, 798, 800, 805, 809, 810, 811, 812, 813, 814, 815, 816, 825, 830, 845, 846, 849, 852, 853, 855, 856, 860, 861, 862, 863, 864, 867, 868, 870, 871, 872, 894, 895, 896, 898, 900, 906, 935, 936, 942, 957, 958, 975, 976, 977, 978, 979, 980, 981, 982, 984, 986, 987, 988, 989, 990, 993, 994, 995, 999, 1000, 1001, 1002, 1003, 1007, 1008, 1013, 1017, 1020, 1021, 1023, 1026, 1031, 1041, 1043, 1044, 1045, 1050, 1058, 1062, 1064, 1070, 1071, 1072, 1073, 1074, 1076, 1077, 1079, 1080, 1081, 1082, 1083, 1088, 1089, 1090, 1096, 1097, 1098, 1129, 1130, 1136, 1137, 1138, 1139, 1140, 1158, 1159, 1160, 1163, 1164, 1169, 1170, 1180, 1182, 1183, 1184, 1198, 1199, 1203, 1205, 1208, 1210, 1212, 1213, 1214, 1217, 1218, 1219, 1220, 1221, 1248, 1252, 1254, 1255, 1259, 1260, 1266, 1270, 1271, 1272, 1275, 1283, 1284, 1289, 1290, 1291, 1295, 1296, 1299, 1303, 1313, 1317, 1325, 1326, 1330, 1332, 1334, 1335, 1336, 1344, 1392, 1393, 1395, 1406, 1414, 1415, 1423, 1424, 1425, 1426, 1427, 1428, 1429, 1430, 1444, 1445, 1447, 1448, 1449, 1451, 1452, 1457, 1459, 1460, 1462, 1464, 1468, 1470, 1477, 1484, 1488, 1489, 1492, 1493, 1495, 1496, 1506, 1514, 1518, 1519, 1521, 1523, 1524, 1526, 1527, 1531, 1532, 1534, 1536, 1553, 1555, 1558, 1559, 1560, 1567, 1569, 1571, 1572, 1576, 1577, 1580, 1581, 1584, 1585, 1586, 1594, 1598, 1599, 1600, 1601, 1602, 1603, 1604, 1605, 1606, 1608, 1613, 1618, 1621, 1622, 1623, 1628, 1629, 1631, 1632, 1633, 1634, 1635, 1636, 1637, 1638, 1642, 1645, 1651, 1652, 1654, 1655, 1656, 1668, 1672, 1673, 1675, 1678, 1679, 1680, 1681, 1682, 1683, 1684, 1690, 1693, 1709, 1717, 1724, 1729, 1733, 1739, 1743, 1744, 1746, 1754, 1755, 1756, 1763, 1764, 1769, 1775, 1776, 1777, 1788, 1819, 1841, 1854, 1856, 1862, 1865, 1874, 1876, 1877, 1878, 1879, 1881, 1888, 1890, 1891, 1892, 1893, 1902, 1903, 1910, 1912, 1913, 1914, 1917, 1921, 1927, 1942, 1948, 1958, 1959, 1976, 1977, 1978, 1984, 1985, 1986, 1987, 1991, 2000, 2011, 2028, 2029, 2053, 2058, 2059, 2060, 2061, 2062, 2063, 2064, 2078, 2079, 2082, 2085, 2086, 2087, 2090, 2091, 2094, 2095, 2113, 2114, 2115, 2116, 2119, 2120, 2122, 2135, 2136, 2138, 2139, 2142, 2143, 2145, 2146, 2151, 2154, 2158, 2163, 2167, 2168, 2174, 2175, 2188, 2191, 2192, 2197, 2205, 2214, 2215, 2216, 2217, 2218, 2219, 2225, 2226, 2231, 2232, 2263, 2268, 2269, 2274, 2275, 2276, 2277, 2278, 2281, 2285, 2288, 2293, 2294, 2296, 2297, 2298, 2299, 2302, 2323, 2325, 2326, 2328, 2332, 2333, 2334, 2335, 2336, 2337, 2339, 2341, 2342, 2343, 2345, 2346, 2347, 2348, 2349, 2351, 2352, 2353, 2354, 2355, 2357, 2358, 2359, 2360, 2361, 2366, 2367, 2372, 2386, 2387, 2388, 2392, 2393, 2396, 2397, 2398, 2399, 2400, 2413, 2417, 2418, 2420, 2421, 2422, 2433, 2434, 2441, 2447, 2448, 2449, 2456, 2457, 2458, 2459, 2460, 2461, 2463, 2464, 2465, 2470, 2471, 2472, 2478, 2479, 2481, 2489, 2492, 2505, 2507, 2510, 2512, 2516, 2517, 2518, 2521, 2522, 2523, 2539, 2554, 2556, 2557, 2558, 2559, 2560, 2563, 2567, 2568, 2577, 2580, 2585, 2586, 2596, 2600, 2601, 2606, 2608, 2609, 2610, 2611, 2612, 2613, 2616, 2617, 2618, 2626, 2633, 2637, 2641, 2658, 2659, 2660, 2664, 2666, 2669, 2689, 2690, 2691, 2692, 2693, 2706, 2709, 2712, 2719]"
28,"[4, 10, 16, 38, 39, 40, 48, 60, 61, 63, 64, 65, 78, 79, 82, 83, 86, 88, 94, 95, 97, 98, 100, 101, 102, 103, 104, 107, 110, 112, 120, 125, 126, 127, 133, 134, 137, 141, 143, 161, 163, 164, 165, 167, 168, 170, 171, 172, 173, 176, 177, 202, 205, 206, 207, 273, 276, 293, 294, 300, 301, 304, 306, 307, 308, 309, 310, 311, 312, 313, 314, 315, 318, 328, 329, 330, 333, 336, 340, 342, 344, 352, 353, 354, 355, 356, 357, 358, 359, 360, 364, 365, 366, 370, 376, 377, 378, 380, 384, 385, 386, 390, 391, 395, 396, 397, 400, 401, 406, 414, 415, 416, 417, 426, 427, 431, 432, 433, 438, 440, 441, 442, 443, 444, 449, 450, 451, 456, 457, 458, 459, 470, 471, 472, 474, 476, 478, 482, 486, 494, 503, 504, 505, 506, 508, 509, 510, 511, 512, 513, 514, 518, 519, 520, 521, 522, 525, 528, 532, 533, 539, 540, 541, 542, 543, 544, 545, 546, 553, 554, 556, 559, 565, 568, 569, 573, 580, 581, 582, 583, 584, 588, 589, 590, 592, 594, 595, 596, 600, 601, 602, 603, 618, 626, 628, 632, 652, 653, 655, 657, 658, 663, 667, 673, 678, 681, 686, 688, 689, 692, 699, 700, 704, 726, 744, 745, 752, 755, 756, 761, 776, 777, 784, 788, 797, 798, 800, 805, 809, 810, 811, 812, 813, 814, 815, 816, 825, 830, 846, 849, 852, 853, 855, 856, 860, 861, 862, 863, 864, 867, 868, 870, 871, 872, 894, 895, 896, 898, 900, 906, 935, 936, 942, 957, 958, 959, 975, 976, 977, 978, 979, 980, 981, 982, 984, 986, 987, 988, 989, 990, 993, 994, 995, 997, 999, 1000, 1001, 1002, 1003, 1007, 1008, 1013, 1017, 1020, 1021, 1023, 1026, 1031, 1041, 1043, 1044, 1045, 1050, 1053, 1058, 1062, 1064, 1069, 1070, 1071, 1072, 1073, 1074, 1076, 1077, 1079, 1080, 1081, 1082, 1083, 1088, 1089, 1090, 1096, 1097, 1098, 1129, 1130, 1136, 1137, 1138, 1139, 1140, 1157, 1158, 1159, 1160, 1163, 1164, 1169, 1170, 1180, 1182, 1183, 1184, 1198, 1199, 1203, 1205, 1210, 1212, 1213, 1214, 1217, 1218, 1219, 1220, 1221, 1239, 1248, 1252, 1254, 1255, 1259, 1260, 1266, 1270, 1271, 1272, 1275, 1283, 1284, 1289, 1290, 1291, 1293, 1295, 1296, 1299, 1303, 1313, 1317, 1325, 1326, 1330, 1332, 1334, 1335, 1344, 1392, 1393, 1395, 1406, 1414, 1415, 1423, 1424, 1425, 1426, 1427, 1428, 1429, 1430, 1444, 1445, 1447, 1448, 1449, 1451, 1452, 1457, 1459, 1460, 1462, 1464, 1468, 1470, 1477, 1484, 1488, 1489, 1492, 1493, 1495, 1496, 1506, 1513, 1514, 1518, 1519, 1521, 1523, 1524, 1526, 1527, 1531, 1532, 1534, 1536, 1553, 1555, 1558, 1559, 1560, 1567, 1569, 1571, 1572, 1576, 1577, 1580, 1581, 1584, 1585, 1586, 1594, 1598, 1599, 1600, 1601, 1602, 1603, 1604, 1605, 1606, 1608, 1613, 1618, 1621, 1622, 1623, 1628, 1629, 1631, 1632, 1633, 1634, 1635, 1636, 1637, 1638, 1642, 1645, 1651, 1652, 1654, 1655, 1656, 1668, 1672, 1673, 1675, 1678, 1679, 1680, 1681, 1682, 1683, 1684, 1690, 1693, 1709, 1717, 1724, 1729, 1733, 1739, 1743, 1744, 1746, 1753, 1754, 1755, 1756, 1763, 1764, 1769, 1775, 1776, 1777, 1778, 1788, 1819, 1841, 1854, 1856, 1862, 1865, 1874, 1876, 1877, 1878, 1879, 1881, 1888, 1890, 1891, 1892, 1893, 1902, 1903, 1910, 1912, 1913, 1914, 1917, 1921, 1927, 1942, 1948, 1958, 1959, 1976, 1977, 1978, 1984, 1985, 1987, 1991, 2000, 2009, 2011, 2028, 2029, 2053, 2058, 2059, 2060, 2061, 2062, 2063, 2064, 2078, 2079, 2082, 2085, 2086, 2087, 2090, 2091, 2093, 2094, 2095, 2113, 2114, 2115, 2116, 2119, 2120, 2122, 2135, 2136, 2138, 2139, 2142, 2143, 2145, 2146, 2151, 2154, 2155, 2158, 2163, 2167, 2168, 2174, 2175, 2188, 2191, 2192, 2197, 2205, 2214, 2215, 2216, 2217, 2218, 2219, 2225, 2226, 2231, 2232, 2263, 2268, 2269, 2274, 2275, 2276, 2277, 2278, 2281, 2285, 2288, 2293, 2294, 2296, 2297, 2298, 2299, 2302, 2323, 2325, 2326, 2328, 2332, 2333, 2334, 2335, 2336, 2337, 2339, 2341, 2342, 2343, 2345, 2346, 2347, 2348, 2349, 2351, 2352, 2353, 2354, 2355, 2357, 2358, 2359, 2360, 2361, 2366, 2367, 2372, 2377, 2386, 2387, 2388, 2392, 2393, 2396, 2397, 2398, 2399, 2400, 2413, 2417, 2418, 2420, 2421, 2422, 2433, 2434, 2441, 2447, 2448, 2449, 2456, 2457, 2458, 2459, 2460, 2461, 2462, 2463, 2464, 2465, 2470, 2471, 2472, 2478, 2479, 2481, 2489, 2492, 2505, 2507, 2510, 2511, 2512, 2516, 2517, 2518, 2521, 2522, 2523, 2539, 2554, 2556, 2557, 2558, 2559, 2560, 2563, 2567, 2568, 2577, 2580, 2581, 2585, 2586, 2596, 2599, 2600, 2601, 2606, 2608, 2609, 2610, 2611, 2612, 2613, 2616, 2617, 2618, 2626, 2633, 2637, 2639, 2641, 2658, 2659, 2660, 2664, 2666, 2669, 2689, 2690, 2691, 2692, 2693, 2706, 2709, 2712, 2719]"
29,"[4, 10, 16, 38, 39, 40, 48, 60, 61, 63, 64, 65, 78, 79, 82, 83, 86, 88, 94, 95, 97, 98, 99, 100, 101, 102, 103, 104, 107, 110, 112, 120, 125, 126, 127, 133, 134, 136, 137, 141, 143, 156, 161, 163, 164, 165, 167, 170, 171, 172, 173, 176, 177, 202, 205, 206, 207, 273, 276, 293, 294, 300, 301, 303, 304, 306, 307, 308, 309, 310, 311, 312, 313, 314, 315, 318, 328, 329, 330, 333, 336, 340, 342, 344, 352, 353, 354, 355, 356, 357, 358, 359, 360, 364, 365, 366, 370, 376, 377, 378, 380, 384, 385, 386, 390, 391, 395, 396, 397, 400, 401, 406, 414, 415, 416, 417, 426, 427, 431, 432, 433, 438, 440, 441, 442, 443, 444, 448, 449, 450, 451, 456, 457, 458, 459, 470, 471, 472, 474, 476, 478, 479, 482, 486, 494, 503, 504, 505, 506, 508, 509, 510, 511, 512, 513, 514, 518, 519, 520, 521, 522, 525, 528, 532, 533, 539, 540, 541, 542, 543, 544, 545, 546, 553, 554, 556, 559, 565, 568, 569, 573, 580, 581, 582, 583, 584, 588, 589, 590, 592, 594, 595, 596, 600, 601, 602, 603, 618, 626, 628, 632, 652, 653, 655, 657, 658, 663, 667, 673, 678, 681, 686, 688, 689, 690, 692, 699, 700, 704, 726, 744, 745, 752, 755, 756, 761, 764, 772, 775, 776, 777, 784, 788, 797, 798, 800, 805, 809, 810, 811, 812, 813, 814, 815, 816, 818, 825, 829, 830, 846, 849, 852, 853, 855, 856, 861, 862, 863, 864, 867, 868, 870, 871, 872, 894, 895, 896, 898, 900, 906, 935, 936, 942, 956, 957, 958, 959, 975, 976, 977, 978, 979, 980, 981, 982, 984, 986, 987, 988, 989, 990, 993, 994, 995, 997, 999, 1000, 1001, 1002, 1003, 1007, 1008, 1013, 1017, 1020, 1021, 1023, 1026, 1031, 1041, 1043, 1044, 1045, 1050, 1053, 1058, 1062, 1064, 1069, 1070, 1071, 1072, 1073, 1074, 1076, 1077, 1079, 1080, 1081, 1082, 1083, 1088, 1089, 1090, 1096, 1097, 1098, 1129, 1130, 1136, 1137, 1138, 1139, 1140, 1157, 1158, 1159, 1160, 1163, 1164, 1169, 1170, 1180, 1182, 1183, 1184, 1198, 1199, 1203, 1205, 1210, 1212, 1213, 1214, 1217, 1218, 1219, 1220, 1221, 1239, 1248, 1252, 1254, 1255, 1259, 1260, 1266, 1270, 1271, 1272, 1275, 1283, 1284, 1289, 1290, 1291, 1293, 1295, 1296, 1299, 1303, 1310, 1311, 1313, 1317, 1324, 1325, 1326, 1330, 1332, 1334, 1335, 1344, 1392, 1393, 1395, 1406, 1414, 1415, 1423, 1424, 1425, 1426, 1427, 1428, 1429, 1430, 1444, 1445, 1447, 1448, 1449, 1451, 1452, 1457, 1459, 1460, 1462, 1464, 1468, 1470, 1473, 1477, 1484, 1488, 1489, 1492, 1493, 1495, 1496, 1506, 1513, 1514, 1518, 1519, 1521, 1523, 1524, 1526, 1527, 1531, 1532, 1534, 1536, 1555, 1558, 1559, 1560, 1567, 1568, 1569, 1571, 1572, 1576, 1577, 1580, 1584, 1585, 1586, 1594, 1598, 1599, 1600, 1601, 1602, 1603, 1604, 1605, 1606, 1608, 1613, 1618, 1621, 1622, 1623, 1628, 1629, 1631, 1632, 1633, 1634, 1635, 1636, 1637, 1638, 1642, 1651, 1652, 1654, 1655, 1656, 1668, 1672, 1673, 1675, 1678, 1679, 1680, 1681, 1682, 1683, 1684, 1690, 1693, 1701, 1709, 1717, 1724, 1725, 1729, 1733, 1734, 1738, 1739, 1743, 1744, 1746, 1753, 1754, 1755, 1756, 1763, 1764, 1769, 1775, 1776, 1777, 1778, 1788, 1819, 1841, 1854, 1856, 1865, 1874, 1876, 1877, 1878, 1879, 1888, 1890, 1891, 1892, 1893, 1902, 1903, 1910, 1913, 1914, 1917, 1921, 1927, 1942, 1948, 1958, 1959, 1976, 1977, 1978, 1984, 1987, 1988, 1991, 1992, 2000, 2009, 2011, 2028, 2029, 2053, 2055, 2058, 2059, 2060, 2061, 2062, 2063, 2064, 2078, 2079, 2082, 2085, 2087, 2090, 2091, 2093, 2094, 2095, 2113, 2114, 2115, 2116, 2119, 2120, 2122, 2135, 2136, 2138, 2139, 2142, 2143, 2145, 2146, 2151, 2154, 2155, 2156, 2158, 2163, 2167, 2168, 2169, 2170, 2174, 2175, 2188, 2189, 2191, 2192, 2197, 2204, 2205, 2206, 2214, 2215, 2216, 2217, 2218, 2219, 2225, 2226, 2231, 2232, 2263, 2268, 2269, 2274, 2275, 2277, 2278, 2281, 2285, 2288, 2293, 2294, 2296, 2297, 2298, 2299, 2302, 2323, 2325, 2326, 2328, 2332, 2333, 2334, 2335, 2336, 2337, 2339, 2341, 2342, 2343, 2345, 2346, 2347, 2348, 2349, 2351, 2352, 2353, 2354, 2355, 2357, 2358, 2359, 2360, 2361, 2366, 2367, 2372, 2377, 2386, 2387, 2388, 2392, 2393, 2396, 2397, 2398, 2399, 2400, 2413, 2418, 2420, 2421, 2422, 2433, 2434, 2436, 2441, 2442, 2447, 2448, 2449, 2456, 2457, 2458, 2459, 2460, 2461, 2462, 2463, 2464, 2465, 2470, 2471, 2472, 2478, 2479, 2489, 2492, 2505, 2507, 2510, 2511, 2512, 2516, 2517, 2518, 2521, 2522, 2523, 2539, 2554, 2556, 2557, 2558, 2559, 2560, 2563, 2567, 2568, 2577, 2580, 2581, 2585, 2586, 2596, 2599, 2600, 2601, 2606, 2608, 2609, 2610, 2611, 2612, 2613, 2616, 2617, 2618, 2626, 2632, 2633, 2636, 2637, 2639, 2641, 2658, 2659, 2660, 2664, 2666, 2669, 2689, 2690, 2691, 2692, 2693, 2706, 2709, 2712, 2719]"
30,"[4, 10, 16, 38, 39, 40, 48, 61, 63, 64, 65, 78, 79, 82, 86, 88, 94, 95, 97, 98, 99, 100, 101, 102, 103, 104, 107, 110, 112, 120, 121, 125, 126, 127, 133, 134, 136, 137, 141, 143, 156, 161, 163, 164, 165, 167, 170, 171, 172, 173, 176, 177, 200, 202, 205, 206, 207, 273, 276, 293, 294, 300, 301, 303, 304, 306, 307, 308, 309, 310, 311, 312, 313, 314, 315, 318, 328, 329, 330, 333, 336, 340, 342, 344, 352, 353, 354, 355, 356, 357, 358, 359, 360, 364, 365, 366, 370, 376, 377, 378, 380, 383, 384, 385, 386, 390, 391, 395, 396, 397, 400, 401, 406, 414, 415, 416, 417, 426, 427, 431, 432, 438, 440, 441, 442, 443, 444, 448, 449, 450, 451, 456, 457, 458, 459, 470, 471, 472, 474, 476, 478, 479, 482, 486, 494, 503, 504, 505, 506, 508, 509, 510, 511, 512, 513, 514, 518, 519, 520, 521, 522, 525, 532, 533, 539, 540, 541, 542, 543, 544, 545, 546, 553, 554, 556, 559, 565, 568, 569, 573, 580, 581, 582, 583, 584, 588, 589, 590, 592, 594, 595, 596, 600, 601, 602, 603, 618, 626, 628, 632, 652, 653, 655, 657, 658, 663, 667, 673, 678, 681, 686, 688, 689, 690, 692, 699, 700, 704, 726, 744, 745, 752, 755, 756, 761, 764, 771, 772, 775, 776, 777, 783, 784, 788, 797, 798, 800, 805, 809, 810, 812, 813, 814, 815, 816, 818, 823, 829, 830, 846, 849, 852, 853, 855, 856, 861, 862, 863, 864, 867, 868, 870, 871, 872, 894, 895, 896, 898, 900, 906, 935, 936, 942, 956, 957, 958, 959, 975, 976, 977, 978, 979, 980, 981, 982, 984, 986, 987, 988, 989, 990, 993, 994, 995, 997, 999, 1000, 1001, 1002, 1003, 1007, 1008, 1013, 1017, 1021, 1023, 1026, 1029, 1031, 1041, 1043, 1044, 1045, 1050, 1051, 1053, 1058, 1062, 1064, 1069, 1070, 1071, 1072, 1073, 1074, 1076, 1077, 1079, 1080, 1081, 1082, 1083, 1088, 1089, 1090, 1096, 1097, 1098, 1129, 1130, 1136, 1137, 1138, 1139, 1140, 1157, 1158, 1159, 1160, 1163, 1164, 1169, 1170, 1180, 1182, 1183, 1184, 1198, 1199, 1203, 1204, 1205, 1210, 1212, 1213, 1214, 1217, 1218, 1219, 1220, 1221, 1239, 1248, 1252, 1254, 1255, 1259, 1260, 1266, 1270, 1271, 1272, 1275, 1283, 1284, 1289, 1290, 1291, 1292, 1293, 1295, 1296, 1299, 1303, 1310, 1311, 1312, 1313, 1317, 1318, 1324, 1325, 1326, 1330, 1332, 1334, 1335, 1344, 1355, 1392, 1393, 1395, 1406, 1414, 1415, 1423, 1424, 1425, 1426, 1427, 1428, 1429, 1430, 1444, 1447, 1448, 1449, 1451, 1452, 1457, 1459, 1460, 1462, 1464, 1468, 1470, 1473, 1477, 1484, 1488, 1489, 1492, 1493, 1495, 1496, 1506, 1513, 1514, 1518, 1519, 1521, 1523, 1524, 1526, 1527, 1531, 1532, 1534, 1536, 1555, 1558, 1559, 1560, 1567, 1568, 1569, 1571, 1572, 1576, 1577, 1580, 1584, 1585, 1586, 1594, 1598, 1599, 1600, 1601, 1602, 1603, 1604, 1605, 1606, 1608, 1613, 1618, 1621, 1622, 1623, 1628, 1629, 1631, 1632, 1633, 1634, 1635, 1636, 1637, 1638, 1642, 1651, 1652, 1654, 1655, 1656, 1668, 1672, 1673, 1675, 1678, 1679, 1680, 1681, 1682, 1683, 1684, 1690, 1693, 1701, 1709, 1717, 1724, 1725, 1729, 1733, 1734, 1738, 1739, 1743, 1744, 1746, 1753, 1754, 1755, 1756, 1763, 1764, 1769, 1775, 1776, 1777, 1778, 1788, 1819, 1841, 1854, 1856, 1865, 1874, 1876, 1877, 1878, 1879, 1888, 1890, 1891, 1892, 1893, 1902, 1903, 1910, 1913, 1914, 1917, 1921, 1927, 1942, 1948, 1958, 1959, 1976, 1977, 1978, 1984, 1987, 1988, 1991, 1992, 2000, 2009, 2011, 2028, 2029, 2053, 2055, 2058, 2059, 2060, 2061, 2062, 2063, 2064, 2077, 2078, 2079, 2082, 2085, 2087, 2088, 2090, 2091, 2093, 2094, 2095, 2113, 2114, 2115, 2116, 2119, 2120, 2122, 2135, 2136, 2138, 2139, 2142, 2143, 2145, 2146, 2151, 2154, 2155, 2156, 2157, 2158, 2163, 2167, 2168, 2169, 2170, 2174, 2175, 2188, 2189, 2191, 2192, 2197, 2204, 2205, 2206, 2214, 2215, 2216, 2217, 2218, 2219, 2225, 2226, 2231, 2232, 2263, 2268, 2274, 2275, 2277, 2278, 2281, 2285, 2288, 2289, 2293, 2294, 2296, 2297, 2298, 2299, 2302, 2320, 2323, 2325, 2326, 2328, 2332, 2333, 2334, 2335, 2336, 2337, 2339, 2341, 2342, 2343, 2345, 2346, 2347, 2348, 2349, 2351, 2352, 2353, 2354, 2355, 2356, 2357, 2358, 2359, 2360, 2366, 2367, 2372, 2377, 2386, 2387, 2388, 2392, 2393, 2396, 2397, 2398, 2399, 2400, 2413, 2418, 2420, 2421, 2422, 2433, 2434, 2436, 2437, 2441, 2442, 2447, 2448, 2449, 2456, 2457, 2458, 2459, 2460, 2462, 2463, 2464, 2465, 2470, 2471, 2472, 2478, 2479, 2489, 2492, 2495, 2505, 2507, 2508, 2510, 2511, 2516, 2517, 2518, 2521, 2522, 2523, 2539, 2545, 2554, 2555, 2556, 2557, 2558, 2559, 2560, 2563, 2567, 2568, 2577, 2580, 2581, 2585, 2586, 2596, 2599, 2600, 2601, 2606, 2608, 2609, 2610, 2611, 2612, 2613, 2616, 2617, 2618, 2626, 2632, 2633, 2636, 2637, 2639, 2641, 2658, 2659, 2660, 2664, 2666, 2669, 2689, 2690, 2691, 2692, 2693, 2706, 2709, 2712, 2719]"
31,"[4, 10, 16, 20, 38, 39, 40, 48, 61, 63, 64, 65, 78, 79, 82, 86, 88, 94, 95, 96, 97, 98, 99, 100, 101, 102, 103, 104, 107, 110, 112, 120, 121, 125, 126, 127, 133, 134, 136, 137, 141, 143, 156, 161, 163, 164, 165, 167, 170, 171, 172, 173, 176, 177, 200, 202, 205, 206, 207, 276, 293, 294, 300, 301, 303, 304, 306, 307, 308, 309, 310, 311, 312, 313, 314, 315, 318, 328, 329, 330, 333, 336, 340, 342, 344, 352, 353, 354, 355, 356, 357, 358, 359, 360, 364, 365, 366, 370, 376, 377, 378, 380, 383, 384, 385, 386, 390, 391, 395, 396, 397, 400, 406, 414, 415, 416, 417, 425, 426, 427, 431, 432, 440, 441, 442, 443, 444, 448, 449, 450, 451, 456, 457, 458, 459, 470, 471, 472, 474, 476, 478, 479, 482, 486, 494, 503, 504, 505, 506, 508, 509, 510, 511, 512, 513, 514, 518, 519, 521, 522, 525, 532, 533, 539, 540, 541, 542, 543, 544, 545, 546, 556, 559, 565, 568, 569, 573, 580, 581, 582, 583, 584, 588, 589, 590, 592, 594, 595, 596, 600, 601, 602, 603, 618, 626, 628, 630, 632, 652, 653, 655, 657, 658, 663, 667, 673, 678, 681, 686, 688, 689, 690, 692, 699, 700, 704, 726, 744, 745, 752, 755, 756, 761, 762, 764, 771, 772, 775, 776, 777, 783, 784, 797, 798, 800, 805, 810, 812, 813, 814, 815, 816, 817, 818, 823, 824, 826, 829, 830, 846, 852, 853, 855, 856, 861, 862, 863, 864, 867, 868, 870, 871, 894, 895, 896, 898, 900, 906, 935, 936, 942, 956, 957, 958, 959, 975, 976, 977, 978, 979, 980, 981, 982, 984, 986, 987, 988, 989, 990, 993, 994, 995, 997, 999, 1000, 1001, 1002, 1003, 1007, 1008, 1013, 1017, 1021, 1023, 1026, 1029, 1030, 1031, 1041, 1044, 1045, 1050, 1051, 1053, 1058, 1062, 1064, 1069, 1070, 1071, 1072, 1073, 1074, 1076, 1077, 1079, 1080, 1081, 1082, 1083, 1088, 1089, 1090, 1096, 1097, 1098, 1129, 1130, 1136, 1137, 1138, 1139, 1140, 1145, 1157, 1158, 1159, 1160, 1163, 1164, 1169, 1170, 1180, 1182, 1183, 1184, 1198, 1199, 1203, 1204, 1205, 1210, 1212, 1214, 1217, 1218, 1219, 1220, 1221, 1239, 1248, 1254, 1255, 1259, 1260, 1266, 1270, 1271, 1272, 1275, 1289, 1290, 1291, 1292, 1293, 1295, 1296, 1299, 1303, 1306, 1310, 1311, 1312, 1313, 1317, 1318, 1324, 1325, 1326, 1329, 1330, 1332, 1334, 1335, 1344, 1355, 1392, 1393, 1395, 1406, 1414, 1415, 1423, 1424, 1425, 1426, 1427, 1428, 1429, 1430, 1444, 1447, 1448, 1449, 1451, 1452, 1457, 1459, 1460, 1462, 1464, 1468, 1470, 1473, 1477, 1484, 1487, 1488, 1489, 1492, 1493, 1495, 1496, 1506, 1513, 1514, 1518, 1519, 1521, 1523, 1524, 1526, 1531, 1532, 1534, 1536, 1555, 1558, 1559, 1560, 1567, 1568, 1569, 1571, 1572, 1576, 1577, 1580, 1584, 1585, 1586, 1594, 1598, 1599, 1600, 1601, 1602, 1603, 1604, 1605, 1606, 1608, 1613, 1615, 1618, 1621, 1622, 1623, 1628, 1629, 1631, 1632, 1633, 1634, 1635, 1636, 1637, 1638, 1642, 1651, 1652, 1654, 1655, 1656, 1668, 1672, 1673, 1675, 1678, 1679, 1680, 1681, 1682, 1683, 1684, 1690, 1693, 1701, 1709, 1717, 1724, 1725, 1729, 1733, 1734, 1738, 1743, 1746, 1753, 1754, 1755, 1756, 1763, 1764, 1769, 1775, 1776, 1777, 1778, 1788, 1819, 1841, 1854, 1856, 1874, 1876, 1877, 1878, 1879, 1888, 1890, 1891, 1892, 1893, 1902, 1903, 1910, 1913, 1914, 1917, 1921, 1927, 1942, 1948, 1959, 1976, 1977, 1978, 1984, 1987, 1988, 1992, 2000, 2009, 2011, 2028, 2029, 2055, 2057, 2058, 2059, 2060, 2061, 2062, 2063, 2064, 2077, 2078, 2079, 2082, 2085, 2087, 2088, 2090, 2091, 2093, 2094, 2095, 2113, 2114, 2115, 2116, 2119, 2120, 2122, 2123, 2135, 2136, 2138, 2139, 2142, 2143, 2145, 2146, 2151, 2154, 2155, 2156, 2157, 2158, 2163, 2167, 2168, 2169, 2170, 2174, 2175, 2188, 2189, 2191, 2192, 2197, 2204, 2205, 2206, 2214, 2216, 2217, 2218, 2219, 2225, 2226, 2231, 2232, 2263, 2268, 2274, 2277, 2278, 2281, 2285, 2288, 2289, 2293, 2294, 2296, 2298, 2299, 2302, 2320, 2322, 2325, 2326, 2332, 2333, 2334, 2335, 2336, 2337, 2339, 2341, 2342, 2343, 2345, 2346, 2347, 2348, 2349, 2352, 2353, 2355, 2356, 2357, 2358, 2359, 2366, 2367, 2372, 2377, 2386, 2387, 2388, 2392, 2393, 2396, 2397, 2398, 2399, 2400, 2413, 2418, 2420, 2422, 2433, 2434, 2436, 2437, 2441, 2442, 2447, 2448, 2449, 2456, 2457, 2458, 2459, 2460, 2462, 2463, 2464, 2465, 2470, 2471, 2472, 2478, 2479, 2489, 2492, 2495, 2505, 2507, 2508, 2511, 2516, 2517, 2518, 2521, 2522, 2523, 2539, 2545, 2554, 2555, 2556, 2557, 2558, 2559, 2560, 2563, 2568, 2577, 2580, 2581, 2585, 2586, 2596, 2599, 2600, 2601, 2606, 2608, 2609, 2610, 2611, 2612, 2613, 2616, 2617, 2618, 2626, 2632, 2633, 2636, 2637, 2639, 2641, 2659, 2660, 2664, 2666, 2669, 2689, 2690, 2691, 2692, 2693, 2706, 2709, 2712, 2719]"
32,"[10, 16, 20, 38, 39, 40, 48, 61, 63, 64, 65, 78, 79, 82, 86, 88, 94, 95, 96, 97, 98, 99, 100, 101, 102, 103, 104, 107, 112, 120, 121, 125, 126, 127, 133, 134, 136, 137, 141, 143, 156, 163, 164, 165, 167, 170, 171, 172, 173, 176, 177, 189, 200, 202, 205, 206, 207, 209, 276, 294, 300, 301, 303, 306, 307, 308, 309, 310, 311, 312, 313, 314, 315, 318, 328, 329, 330, 333, 336, 340, 342, 346, 352, 353, 354, 355, 356, 357, 358, 359, 360, 364, 365, 366, 370, 371, 376, 377, 378, 380, 383, 384, 385, 386, 390, 391, 395, 396, 397, 400, 406, 414, 415, 416, 417, 425, 427, 431, 432, 440, 441, 442, 443, 444, 448, 449, 450, 451, 457, 458, 459, 469, 470, 471, 472, 474, 476, 478, 479, 482, 486, 494, 503, 504, 505, 506, 508, 509, 510, 511, 512, 513, 514, 519, 521, 522, 525, 532, 539, 540, 541, 542, 543, 544, 545, 546, 556, 559, 565, 569, 573, 581, 582, 583, 584, 588, 589, 590, 592, 594, 596, 600, 601, 602, 603, 626, 628, 630, 632, 652, 653, 657, 658, 663, 667, 673, 678, 686, 689, 690, 692, 699, 700, 704, 726, 744, 752, 755, 756, 761, 762, 764, 771, 772, 775, 776, 777, 783, 784, 797, 798, 800, 805, 810, 812, 813, 814, 815, 816, 817, 818, 823, 824, 826, 829, 830, 846, 852, 853, 855, 856, 862, 863, 864, 867, 868, 870, 871, 894, 895, 896, 898, 900, 906, 935, 942, 956, 957, 958, 959, 975, 976, 977, 978, 979, 980, 981, 982, 984, 986, 987, 988, 989, 990, 993, 994, 995, 997, 999, 1000, 1001, 1002, 1003, 1007, 1008, 1013, 1017, 1021, 1023, 1026, 1029, 1030, 1031, 1041, 1044, 1045, 1050, 1051, 1053, 1055, 1058, 1064, 1069, 1070, 1071, 1072, 1073, 1074, 1076, 1077, 1079, 1080, 1081, 1082, 1083, 1088, 1089, 1096, 1097, 1098, 1129, 1130, 1136, 1137, 1138, 1139, 1140, 1145, 1157, 1158, 1159, 1160, 1163, 1164, 1169, 1170, 1180, 1182, 1183, 1184, 1198, 1199, 1203, 1204, 1205, 1210, 1212, 1214, 1217, 1218, 1219, 1220, 1221, 1238, 1239, 1248, 1254, 1255, 1259, 1260, 1266, 1270, 1271, 1272, 1276, 1289, 1290, 1291, 1292, 1293, 1295, 1296, 1299, 1303, 1306, 1310, 1311, 1312, 1313, 1317, 1318, 1324, 1325, 1326, 1329, 1330, 1332, 1334, 1335, 1344, 1355, 1392, 1393, 1395, 1406, 1414, 1423, 1424, 1425, 1426, 1427, 1428, 1430, 1444, 1447, 1448, 1450, 1451, 1452, 1457, 1459, 1460, 1462, 1464, 1468, 1470, 1473, 1477, 1484, 1487, 1488, 1489, 1492, 1493, 1496, 1506, 1513, 1514, 1518, 1519, 1523, 1524, 1526, 1531, 1532, 1534, 1536, 1555, 1558, 1559, 1560, 1567, 1568, 1569, 1571, 1572, 1576, 1577, 1580, 1584, 1585, 1586, 1594, 1598, 1599, 1600, 1601, 1602, 1603, 1604, 1605, 1608, 1615, 1618, 1621, 1623, 1628, 1631, 1632, 1633, 1634, 1635, 1636, 1637, 1638, 1642, 1651, 1652, 1653, 1654, 1655, 1656, 1668, 1672, 1673, 1675, 1678, 1679, 1680, 1681, 1682, 1683, 1684, 1690, 1691, 1693, 1701, 1709, 1717, 1724, 1725, 1729, 1733, 1734, 1738, 1746, 1753, 1754, 1755, 1756, 1757, 1763, 1764, 1769, 1775, 1776, 1777, 1778, 1788, 1819, 1841, 1856, 1874, 1876, 1877, 1878, 1879, 1888, 1890, 1891, 1892, 1893, 1902, 1903, 1910, 1913, 1917, 1921, 1927, 1942, 1948, 1976, 1977, 1978, 1984, 1988, 1992, 2000, 2009, 2011, 2028, 2029, 2055, 2057, 2058, 2059, 2062, 2063, 2064, 2077, 2079, 2082, 2085, 2087, 2088, 2090, 2091, 2093, 2114, 2115, 2116, 2119, 2120, 2122, 2123, 2135, 2136, 2142, 2143, 2145, 2151, 2154, 2155, 2156, 2157, 2158, 2163, 2167, 2168, 2169, 2170, 2174, 2175, 2188, 2189, 2191, 2192, 2197, 2204, 2205, 2206, 2214, 2216, 2217, 2218, 2219, 2225, 2226, 2231, 2232, 2233, 2263, 2268, 2274, 2277, 2278, 2281, 2285, 2288, 2289, 2293, 2294, 2296, 2298, 2320, 2322, 2332, 2333, 2334, 2335, 2336, 2337, 2339, 2341, 2343, 2345, 2346, 2349, 2353, 2356, 2357, 2358, 2359, 2366, 2367, 2372, 2377, 2386, 2387, 2392, 2393, 2396, 2397, 2398, 2399, 2400, 2413, 2420, 2422, 2433, 2434, 2436, 2437, 2442, 2447, 2448, 2449, 2450, 2456, 2457, 2458, 2459, 2460, 2462, 2463, 2464, 2465, 2470, 2471, 2472, 2478, 2479, 2489, 2492, 2495, 2505, 2508, 2511, 2516, 2517, 2518, 2520, 2521, 2522, 2523, 2539, 2545, 2554, 2555, 2556, 2557, 2558, 2559, 2560, 2563, 2568, 2580, 2581, 2585, 2586, 2599, 2600, 2601, 2606, 2610, 2611, 2612, 2613, 2616, 2617, 2618, 2626, 2632, 2633, 2636, 2637, 2639, 2641, 2656, 2659, 2660, 2664, 2666, 2669, 2689, 2690, 2691, 2692, 2693, 2706, 2709, 2712, 2719]"
33,"[10, 16, 20, 23, 38, 40, 48, 63, 64, 65, 78, 82, 86, 95, 96, 97, 98, 99, 102, 103, 107, 112, 120, 121, 125, 126, 127, 133, 136, 137, 156, 163, 164, 165, 170, 176, 177, 189, 200, 202, 205, 206, 207, 209, 276, 288, 294, 300, 301, 303, 306, 307, 308, 309, 310, 311, 312, 313, 314, 315, 318, 328, 329, 336, 340, 342, 346, 353, 354, 355, 356, 357, 358, 359, 360, 365, 366, 370, 371, 376, 377, 383, 384, 385, 390, 391, 395, 396, 397, 400, 414, 415, 416, 417, 425, 427, 431, 432, 440, 441, 442, 443, 444, 448, 449, 450, 451, 457, 458, 459, 469, 470, 471, 472, 474, 476, 478, 479, 482, 486, 494, 503, 504, 505, 506, 508, 509, 510, 511, 512, 513, 514, 519, 521, 522, 525, 532, 539, 540, 541, 542, 543, 544, 545, 546, 556, 559, 565, 569, 573, 581, 582, 583, 584, 588, 589, 590, 592, 594, 596, 600, 601, 602, 603, 628, 630, 632, 652, 653, 657, 667, 673, 678, 686, 689, 690, 692, 699, 700, 726, 744, 752, 755, 756, 761, 762, 764, 771, 772, 775, 776, 783, 793, 797, 798, 800, 810, 812, 813, 814, 815, 816, 817, 818, 823, 824, 826, 829, 830, 831, 852, 853, 855, 856, 862, 863, 864, 867, 868, 870, 871, 894, 895, 896, 898, 900, 906, 931, 935, 942, 956, 957, 958, 959, 975, 981, 986, 987, 988, 989, 990, 993, 994, 995, 997, 999, 1000, 1001, 1002, 1003, 1007, 1008, 1013, 1017, 1021, 1023, 1026, 1029, 1030, 1031, 1041, 1044, 1045, 1050, 1051, 1053, 1055, 1058, 1064, 1069, 1070, 1071, 1072, 1073, 1074, 1076, 1079, 1080, 1081, 1083, 1088, 1089, 1096, 1097, 1129, 1130, 1136, 1137, 1138, 1139, 1140, 1145, 1157, 1158, 1159, 1160, 1163, 1164, 1169, 1170, 1180, 1182, 1198, 1199, 1203, 1204, 1205, 1210, 1212, 1214, 1217, 1218, 1219, 1220, 1221, 1238, 1239, 1254, 1255, 1259, 1260, 1266, 1270, 1271, 1276, 1289, 1291, 1292, 1293, 1295, 1296, 1299, 1303, 1306, 1310, 1311, 1312, 1313, 1317, 1318, 1324, 1325, 1326, 1329, 1334, 1335, 1344, 1355, 1392, 1393, 1395, 1406, 1414, 1423, 1424, 1425, 1426, 1427, 1428, 1430, 1444, 1447, 1448, 1450, 1452, 1457, 1458, 1459, 1460, 1462, 1464, 1466, 1468, 1470, 1473, 1477, 1484, 1487, 1488, 1489, 1492, 1493, 1496, 1506, 1513, 1519, 1522, 1523, 1526, 1534, 1536, 1555, 1559, 1560, 1567, 1568, 1569, 1571, 1572, 1576, 1577, 1580, 1584, 1585, 1586, 1594, 1599, 1600, 1601, 1602, 1603, 1604, 1605, 1608, 1615, 1621, 1623, 1628, 1633, 1634, 1637, 1638, 1651, 1652, 1653, 1654, 1655, 1656, 1668, 1673, 1675, 1678, 1679, 1680, 1681, 1682, 1683, 1684, 1690, 1691, 1693, 1701, 1709, 1725, 1729, 1733, 1734, 1738, 1746, 1753, 1754, 1755, 1756, 1757, 1763, 1764, 1775, 1777, 1778, 1788, 1819, 1841, 1856, 1874, 1876, 1878, 1879, 1890, 1891, 1892, 1893, 1902, 1903, 1910, 1913, 1917, 1921, 1927, 1943, 1948, 1976, 1977, 1978, 1983, 1984, 1988, 1992, 2000, 2009, 2011, 2028, 2029, 2055, 2057, 2059, 2062, 2063, 2077, 2079, 2082, 2087, 2088, 2090, 2091, 2093, 2109, 2116, 2119, 2120, 2123, 2135, 2136, 2142, 2143, 2145, 2151, 2155, 2156, 2157, 2158, 2163, 2167, 2168, 2169, 2170, 2174, 2188, 2189, 2191, 2192, 2197, 2204, 2205, 2206, 2216, 2217, 2218, 2219, 2225, 2226, 2231, 2232, 2233, 2263, 2277, 2278, 2281, 2285, 2288, 2289, 2294, 2320, 2322, 2335, 2337, 2341, 2343, 2345, 2353, 2356, 2357, 2358, 2366, 2372, 2377, 2386, 2387, 2392, 2393, 2396, 2398, 2399, 2400, 2420, 2433, 2434, 2436, 2437, 2442, 2448, 2449, 2450, 2456, 2457, 2458, 2459, 2460, 2462, 2464, 2465, 2470, 2471, 2472, 2478, 2479, 2489, 2492, 2495, 2505, 2508, 2511, 2516, 2517, 2518, 2520, 2521, 2522, 2523, 2539, 2545, 2554, 2555, 2556, 2557, 2558, 2559, 2560, 2563, 2580, 2581, 2585, 2586, 2599, 2600, 2601, 2606, 2610, 2611, 2612, 2613, 2616, 2617, 2618, 2626, 2632, 2636, 2637, 2639, 2641, 2656, 2659, 2660, 2664, 2666, 2669, 2689, 2690, 2691, 2692, 2693, 2706, 2709, 2712, 2719]"
34,"[10, 20, 23, 40, 55, 63, 78, 82, 95, 96, 98, 99, 102, 103, 120, 121, 122, 125, 126, 127, 136, 137, 156, 164, 165, 189, 200, 202, 205, 206, 207, 209, 270, 276, 288, 299, 300, 303, 306, 307, 308, 310, 311, 312, 313, 314, 315, 318, 328, 329, 340, 346, 350, 353, 354, 355, 356, 357, 358, 360, 366, 371, 376, 383, 395, 396, 397, 425, 427, 441, 442, 443, 444, 448, 449, 450, 457, 458, 459, 469, 470, 471, 472, 474, 478, 479, 482, 486, 494, 498, 503, 504, 505, 506, 508, 509, 510, 511, 512, 513, 514, 519, 539, 540, 541, 542, 543, 544, 545, 546, 556, 565, 589, 590, 592, 601, 602, 603, 614, 628, 630, 652, 653, 673, 690, 692, 699, 744, 755, 756, 761, 762, 764, 771, 772, 775, 776, 783, 793, 798, 800, 810, 814, 817, 818, 823, 824, 826, 829, 830, 831, 852, 853, 856, 862, 863, 864, 868, 869, 870, 871, 894, 895, 896, 898, 906, 931, 956, 957, 958, 959, 975, 981, 986, 987, 988, 989, 990, 993, 994, 995, 997, 999, 1007, 1008, 1013, 1017, 1023, 1026, 1029, 1030, 1031, 1041, 1044, 1051, 1053, 1055, 1069, 1071, 1073, 1074, 1076, 1081, 1089, 1096, 1097, 1129, 1130, 1136, 1137, 1138, 1139, 1140, 1145, 1157, 1158, 1164, 1169, 1170, 1173, 1180, 1203, 1204, 1205, 1212, 1214, 1217, 1221, 1238, 1239, 1255, 1259, 1260, 1271, 1276, 1289, 1292, 1293, 1295, 1296, 1306, 1310, 1311, 1312, 1313, 1317, 1318, 1324, 1325, 1329, 1335, 1344, 1355, 1406, 1414, 1423, 1424, 1425, 1426, 1427, 1430, 1444, 1450, 1452, 1458, 1465, 1466, 1468, 1473, 1484, 1487, 1488, 1489, 1492, 1493, 1496, 1507, 1513, 1522, 1523, 1555, 1559, 1560, 1568, 1571, 1572, 1580, 1585, 1601, 1602, 1608, 1615, 1621, 1638, 1653, 1654, 1655, 1678, 1679, 1681, 1682, 1683, 1684, 1690, 1691, 1701, 1712, 1715, 1725, 1729, 1733, 1734, 1738, 1746, 1753, 1754, 1757, 1763, 1764, 1777, 1778, 1788, 1819, 1841, 1874, 1878, 1890, 1891, 1893, 1913, 1943, 1948, 1949, 1971, 1972, 1977, 1983, 1988, 1992, 2000, 2009, 2011, 2029, 2036, 2039, 2055, 2057, 2077, 2087, 2088, 2093, 2109, 2123, 2136, 2141, 2143, 2151, 2155, 2156, 2157, 2158, 2167, 2168, 2169, 2170, 2188, 2189, 2191, 2192, 2197, 2204, 2205, 2206, 2216, 2217, 2225, 2226, 2232, 2233, 2278, 2285, 2288, 2289, 2294, 2320, 2322, 2324, 2335, 2341, 2343, 2353, 2356, 2357, 2358, 2370, 2377, 2383, 2386, 2393, 2398, 2399, 2419, 2434, 2436, 2437, 2442, 2449, 2450, 2462, 2464, 2465, 2470, 2471, 2472, 2489, 2492, 2495, 2499, 2508, 2511, 2516, 2517, 2518, 2520, 2523, 2539, 2545, 2554, 2555, 2557, 2558, 2580, 2581, 2585, 2586, 2599, 2601, 2606, 2610, 2611, 2616, 2618, 2626, 2632, 2636, 2637, 2639, 2656, 2660, 2666, 2669, 2689, 2690, 2691, 2692, 2693, 2706, 2708, 2709, 2712, 2719]"
35,"[10, 20, 23, 40, 55, 82, 95, 96, 99, 103, 121, 122, 125, 126, 127, 131, 136, 156, 164, 165, 180, 189, 200, 202, 205, 206, 209, 270, 276, 288, 299, 303, 313, 315, 329, 346, 347, 350, 357, 366, 371, 383, 395, 396, 425, 441, 447, 448, 450, 458, 469, 470, 471, 472, 474, 479, 486, 494, 498, 503, 504, 505, 506, 508, 509, 514, 541, 542, 543, 556, 589, 590, 601, 614, 628, 629, 630, 653, 673, 690, 692, 699, 720, 721, 722, 723, 724, 725, 727, 744, 753, 755, 756, 761, 762, 764, 771, 772, 775, 783, 793, 800, 810, 817, 818, 823, 824, 826, 829, 830, 831, 852, 853, 863, 868, 869, 870, 898, 931, 956, 959, 986, 987, 988, 989, 990, 992, 993, 994, 995, 996, 997, 1013, 1017, 1028, 1029, 1030, 1041, 1044, 1051, 1053, 1055, 1069, 1073, 1074, 1089, 1093, 1097, 1136, 1137, 1139, 1145, 1157, 1158, 1169, 1173, 1203, 1204, 1205, 1214, 1238, 1239, 1255, 1259, 1276, 1292, 1293, 1295, 1306, 1310, 1311, 1312, 1313, 1318, 1324, 1325, 1329, 1333, 1335, 1344, 1355, 1414, 1423, 1425, 1426, 1450, 1458, 1465, 1466, 1473, 1487, 1496, 1507, 1513, 1522, 1523, 1555, 1560, 1568, 1601, 1608, 1615, 1653, 1681, 1682, 1683, 1684, 1690, 1691, 1701, 1712, 1715, 1725, 1729, 1734, 1738, 1753, 1757, 1763, 1764, 1778, 1788, 1819, 1824, 1848, 1849, 1850, 1851, 1874, 1878, 1905, 1913, 1943, 1948, 1949, 1971, 1972, 1977, 1979, 1983, 1988, 1992, 2000, 2009, 2010, 2036, 2039, 2048, 2055, 2057, 2073, 2077, 2087, 2088, 2089, 2093, 2109, 2123, 2131, 2140, 2141, 2155, 2156, 2157, 2158, 2168, 2169, 2170, 2189, 2197, 2204, 2205, 2206, 2217, 2226, 2232, 2233, 2289, 2294, 2320, 2322, 2324, 2335, 2343, 2353, 2356, 2357, 2358, 2370, 2377, 2383, 2386, 2393, 2399, 2419, 2434, 2436, 2437, 2442, 2449, 2450, 2462, 2464, 2492, 2495, 2499, 2508, 2511, 2513, 2516, 2518, 2520, 2523, 2539, 2545, 2554, 2555, 2557, 2580, 2581, 2590, 2599, 2601, 2606, 2610, 2616, 2618, 2626, 2632, 2636, 2637, 2639, 2656, 2666, 2669, 2679, 2689, 2690, 2691, 2692, 2693, 2706, 2708, 2719]"
36,"[5, 10, 20, 23, 40, 55, 82, 96, 99, 103, 121, 122, 125, 127, 131, 136, 156, 164, 180, 189, 200, 202, 205, 206, 209, 270, 288, 299, 303, 319, 346, 347, 350, 371, 383, 395, 396, 402, 425, 441, 447, 448, 469, 471, 474, 479, 497, 498, 556, 589, 614, 629, 630, 653, 690, 693, 694, 695, 696, 697, 702, 703, 705, 706, 707, 708, 709, 710, 711, 712, 713, 714, 715, 716, 717, 718, 719, 720, 721, 722, 723, 724, 725, 727, 728, 729, 730, 731, 732, 733, 734, 735, 736, 737, 738, 739, 740, 744, 751, 753, 755, 761, 762, 764, 771, 772, 775, 783, 793, 795, 810, 817, 818, 823, 824, 826, 829, 831, 868, 869, 870, 931, 956, 959, 983, 991, 992, 996, 997, 1028, 1029, 1030, 1032, 1051, 1053, 1055, 1069, 1093, 1136, 1145, 1157, 1173, 1204, 1238, 1239, 1276, 1292, 1293, 1306, 1310, 1311, 1312, 1313, 1318, 1324, 1325, 1329, 1333, 1335, 1344, 1355, 1407, 1414, 1426, 1437, 1438, 1440, 1450, 1458, 1465, 1466, 1473, 1487, 1496, 1507, 1513, 1522, 1523, 1560, 1568, 1608, 1615, 1653, 1681, 1683, 1691, 1701, 1712, 1715, 1725, 1729, 1734, 1738, 1753, 1757, 1763, 1778, 1794, 1822, 1824, 1825, 1826, 1827, 1828, 1829, 1830, 1831, 1834, 1835, 1836, 1837, 1838, 1842, 1843, 1844, 1848, 1849, 1850, 1851, 1863, 1874, 1905, 1943, 1949, 1960, 1971, 1972, 1977, 1979, 1983, 1988, 1992, 2009, 2010, 2036, 2037, 2039, 2040, 2041, 2048, 2049, 2055, 2057, 2073, 2077, 2088, 2089, 2093, 2109, 2123, 2129, 2131, 2140, 2141, 2155, 2156, 2157, 2169, 2170, 2189, 2196, 2204, 2206, 2217, 2232, 2233, 2289, 2294, 2317, 2320, 2322, 2324, 2335, 2356, 2357, 2370, 2377, 2383, 2386, 2419, 2434, 2436, 2437, 2442, 2444, 2445, 2450, 2462, 2464, 2492, 2495, 2499, 2508, 2511, 2513, 2520, 2545, 2555, 2580, 2581, 2590, 2599, 2632, 2636, 2639, 2656, 2669, 2674, 2679, 2689, 2690, 2691, 2693, 2706, 2708, 2719]"
37,"[2, 5, 10, 20, 23, 55, 82, 96, 99, 103, 121, 122, 131, 136, 156, 180, 189, 200, 202, 205, 209, 270, 288, 299, 303, 319, 346, 347, 350, 371, 383, 395, 396, 402, 425, 447, 448, 464, 469, 471, 474, 479, 491, 497, 498, 614, 629, 630, 685, 690, 693, 694, 695, 696, 697, 702, 703, 705, 706, 707, 708, 709, 710, 711, 712, 713, 714, 715, 716, 717, 718, 719, 720, 721, 722, 723, 724, 725, 727, 728, 729, 730, 731, 732, 733, 734, 735, 736, 737, 738, 739, 740, 744, 751, 753, 762, 764, 771, 772, 775, 783, 793, 795, 817, 818, 823, 824, 826, 829, 831, 869, 931, 956, 959, 983, 991, 992, 996, 997, 1028, 1029, 1030, 1032, 1051, 1053, 1055, 1069, 1093, 1145, 1157, 1173, 1204, 1238, 1239, 1276, 1292, 1293, 1306, 1310, 1311, 1312, 1318, 1324, 1329, 1333, 1355, 1407, 1437, 1438, 1440, 1450, 1458, 1465, 1466, 1473, 1487, 1507, 1513, 1522, 1568, 1615, 1627, 1653, 1667, 1691, 1701, 1712, 1715, 1725, 1734, 1738, 1753, 1757, 1778, 1794, 1822, 1823, 1824, 1825, 1826, 1827, 1828, 1829, 1830, 1831, 1834, 1835, 1836, 1837, 1838, 1839, 1840, 1842, 1843, 1844, 1848, 1849, 1850, 1851, 1863, 1870, 1905, 1943, 1949, 1960, 1971, 1972, 1979, 1983, 1988, 1992, 1994, 2009, 2010, 2036, 2037, 2039, 2040, 2041, 2048, 2049, 2055, 2057, 2073, 2077, 2088, 2089, 2093, 2109, 2123, 2129, 2131, 2140, 2141, 2155, 2156, 2157, 2169, 2170, 2189, 2195, 2196, 2204, 2206, 2233, 2289, 2317, 2320, 2322, 2324, 2356, 2370, 2377, 2383, 2419, 2436, 2437, 2442, 2444, 2445, 2450, 2462, 2495, 2499, 2508, 2511, 2513, 2520, 2545, 2555, 2581, 2590, 2599, 2632, 2636, 2639, 2656, 2674, 2679, 2708]"
38,"[2, 5, 6, 20, 23, 25, 55, 96, 99, 121, 122, 131, 136, 156, 180, 189, 196, 200, 209, 270, 288, 291, 299, 303, 319, 337, 346, 347, 350, 362, 371, 383, 402, 425, 447, 448, 464, 465, 469, 479, 491, 497, 498, 613, 614, 629, 630, 685, 690, 693, 694, 695, 696, 697, 702, 703, 705, 706, 707, 708, 709, 710, 711, 712, 713, 714, 715, 716, 717, 718, 719, 720, 721, 722, 723, 724, 725, 727, 728, 729, 730, 731, 732, 733, 734, 735, 736, 737, 738, 739, 740, 751, 753, 762, 764, 771, 772, 775, 783, 793, 795, 817, 818, 823, 824, 826, 829, 831, 869, 931, 956, 983, 991, 992, 996, 1028, 1029, 1030, 1032, 1051, 1055, 1093, 1145, 1173, 1204, 1238, 1276, 1292, 1306, 1310, 1311, 1312, 1318, 1324, 1329, 1333, 1355, 1407, 1437, 1438, 1440, 1450, 1458, 1465, 1466, 1473, 1487, 1507, 1522, 1537, 1554, 1568, 1615, 1627, 1653, 1667, 1691, 1701, 1712, 1715, 1725, 1734, 1738, 1742, 1757, 1794, 1822, 1823, 1824, 1825, 1826, 1827, 1828, 1829, 1830, 1831, 1832, 1833, 1834, 1835, 1836, 1837, 1838, 1839, 1840, 1842, 1843, 1844, 1845, 1846, 1848, 1849, 1850, 1851, 1863, 1870, 1905, 1943, 1949, 1960, 1971, 1972, 1979, 1983, 1988, 1992, 1994, 2010, 2036, 2037, 2039, 2040, 2041, 2048, 2049, 2055, 2057, 2073, 2077, 2088, 2089, 2109, 2123, 2129, 2131, 2140, 2141, 2156, 2157, 2169, 2170, 2189, 2195, 2196, 2204, 2206, 2233, 2286, 2289, 2317, 2320, 2322, 2324, 2356, 2370, 2383, 2419, 2436, 2437, 2442, 2444, 2445, 2450, 2495, 2499, 2508, 2513, 2520, 2545, 2555, 2590, 2614, 2632, 2636, 2656, 2674, 2679, 2708]"
39,"[2, 5, 6, 20, 23, 25, 55, 96, 118, 121, 122, 131, 180, 189, 195, 196, 200, 209, 269, 270, 271, 279, 288, 291, 299, 319, 337, 346, 347, 350, 362, 371, 383, 402, 413, 425, 447, 464, 465, 469, 491, 497, 498, 609, 613, 614, 629, 630, 685, 693, 694, 695, 696, 697, 702, 703, 705, 706, 707, 708, 709, 710, 711, 712, 713, 714, 715, 716, 717, 718, 719, 720, 721, 722, 723, 724, 725, 727, 728, 729, 730, 731, 732, 733, 734, 735, 736, 737, 738, 739, 740, 751, 753, 762, 771, 783, 793, 795, 817, 823, 824, 826, 827, 831, 869, 931, 983, 991, 992, 996, 1028, 1029, 1030, 1032, 1051, 1055, 1093, 1145, 1173, 1204, 1238, 1276, 1292, 1306, 1312, 1318, 1329, 1333, 1355, 1407, 1437, 1438, 1440, 1450, 1458, 1465, 1466, 1487, 1507, 1522, 1537, 1554, 1615, 1627, 1653, 1667, 1691, 1696, 1712, 1715, 1742, 1757, 1794, 1818, 1822, 1823, 1824, 1825, 1826, 1827, 1828, 1829, 1830, 1831, 1832, 1833, 1834, 1835, 1836, 1837, 1838, 1839, 1840, 1842, 1843, 1844, 1845, 1846, 1848, 1849, 1850, 1851, 1863, 1870, 1871, 1905, 1943, 1949, 1960, 1971, 1972, 1979, 1983, 1994, 2010, 2036, 2037, 2038, 2039, 2040, 2041, 2042, 2046, 2048, 2049, 2057, 2073, 2077, 2088, 2089, 2109, 2123, 2129, 2131, 2140, 2141, 2157, 2195, 2196, 2233, 2286, 2289, 2317, 2320, 2322, 2324, 2356, 2370, 2383, 2419, 2437, 2444, 2445, 2450, 2485, 2495, 2499, 2508, 2513, 2520, 2545, 2555, 2590, 2602, 2614, 2656, 2674, 2679, 2708]"
40,"[2, 5, 6, 20, 21, 23, 25, 36, 55, 96, 118, 122, 128, 131, 180, 189, 195, 196, 209, 269, 270, 271, 279, 288, 291, 299, 319, 337, 346, 347, 350, 362, 371, 402, 413, 425, 447, 464, 465, 469, 491, 497, 498, 507, 515, 609, 613, 614, 623, 629, 630, 665, 685, 693, 694, 695, 696, 697, 698, 702, 703, 705, 706, 707, 708, 709, 710, 711, 712, 713, 714, 715, 716, 717, 718, 719, 720, 721, 722, 723, 724, 725, 727, 728, 729, 730, 731, 732, 733, 734, 735, 736, 737, 738, 739, 740, 751, 753, 762, 793, 795, 817, 824, 826, 827, 831, 869, 931, 983, 991, 992, 996, 1028, 1030, 1032, 1055, 1093, 1145, 1173, 1238, 1276, 1306, 1329, 1333, 1407, 1437, 1438, 1440, 1450, 1458, 1465, 1466, 1487, 1507, 1522, 1537, 1554, 1615, 1627, 1653, 1667, 1691, 1696, 1712, 1715, 1742, 1757, 1794, 1818, 1822, 1823, 1824, 1825, 1826, 1827, 1828, 1829, 1830, 1831, 1832, 1833, 1834, 1835, 1836, 1837, 1838, 1839, 1840, 1842, 1843, 1844, 1845, 1846, 1848, 1849, 1850, 1851, 1863, 1870, 1871, 1905, 1943, 1949, 1960, 1971, 1972, 1979, 1983, 1994, 2010, 2036, 2037, 2038, 2039, 2040, 2041, 2042, 2046, 2048, 2049, 2057, 2073, 2089, 2108, 2109, 2123, 2129, 2131, 2140, 2141, 2195, 2196, 2233, 2244, 2286, 2317, 2322, 2324, 2370, 2383, 2419, 2444, 2445, 2450, 2485, 2493, 2499, 2513, 2520, 2590, 2602, 2614, 2656, 2674, 2679, 2708]"
41,"[2, 5, 6, 21, 23, 25, 36, 55, 118, 122, 128, 131, 180, 185, 189, 195, 196, 209, 269, 270, 271, 279, 288, 291, 299, 319, 337, 346, 347, 350, 362, 371, 402, 413, 447, 464, 465, 469, 491, 497, 498, 507, 515, 609, 613, 614, 623, 629, 665, 685, 693, 694, 695, 696, 697, 698, 702, 703, 705, 706, 707, 708, 709, 710, 711, 712, 713, 714, 715, 716, 717, 718, 719, 720, 721, 722, 723, 724, 725, 727, 728, 729, 730, 731, 732, 733, 734, 735, 736, 737, 738, 739, 740, 751, 753, 793, 795, 827, 831, 869, 931, 983, 991, 992, 996, 1028, 1032, 1055, 1093, 1173, 1238, 1276, 1333, 1407, 1437, 1438, 1440, 1450, 1458, 1465, 1466, 1507, 1522, 1537, 1554, 1556, 1624, 1627, 1653, 1667, 1691, 1696, 1712, 1715, 1742, 1757, 1794, 1800, 1801, 1803, 1805, 1813, 1818, 1822, 1823, 1824, 1825, 1826, 1827, 1828, 1829, 1830, 1831, 1832, 1833, 1834, 1835, 1836, 1837, 1838, 1839, 1840, 1842, 1843, 1844, 1845, 1846, 1848, 1849, 1850, 1851, 1863, 1870, 1871, 1884, 1905, 1943, 1949, 1960, 1971, 1972, 1979, 1983, 1993, 1994, 2010, 2036, 2037, 2038, 2039, 2040, 2041, 2042, 2043, 2046, 2048, 2049, 2067, 2068, 2070, 2073, 2075, 2089, 2108, 2109, 2129, 2131, 2140, 2141, 2195, 2196, 2233, 2244, 2286, 2317, 2324, 2370, 2383, 2419, 2444, 2445, 2450, 2485, 2493, 2499, 2513, 2520, 2572, 2590, 2602, 2614, 2625, 2656, 2674, 2679, 2708]"
42,"[2, 5, 6, 21, 23, 25, 36, 55, 118, 122, 128, 131, 132, 174, 180, 181, 185, 195, 196, 269, 270, 271, 279, 288, 289, 291, 299, 319, 337, 347, 350, 362, 402, 410, 413, 418, 447, 464, 465, 483, 491, 497, 498, 507, 515, 609, 613, 614, 623, 629, 665, 685, 693, 694, 695, 696, 697, 698, 702, 703, 705, 706, 707, 708, 709, 710, 711, 712, 713, 714, 715, 716, 717, 718, 719, 720, 721, 722, 723, 724, 725, 727, 728, 729, 730, 731, 732, 733, 734, 735, 736, 737, 738, 739, 740, 751, 753, 793, 795, 827, 831, 869, 931, 983, 991, 992, 996, 1019, 1028, 1032, 1093, 1173, 1222, 1333, 1394, 1407, 1437, 1438, 1440, 1441, 1458, 1465, 1466, 1481, 1507, 1522, 1537, 1554, 1556, 1624, 1627, 1667, 1696, 1712, 1715, 1742, 1794, 1799, 1800, 1801, 1802, 1803, 1804, 1805, 1806, 1807, 1808, 1813, 1815, 1818, 1822, 1823, 1824, 1825, 1826, 1827, 1828, 1829, 1830, 1831, 1832, 1833, 1834, 1835, 1836, 1837, 1838, 1839, 1840, 1842, 1843, 1844, 1845, 1846, 1848, 1849, 1850, 1851, 1863, 1870, 1871, 1884, 1905, 1943, 1949, 1960, 1971, 1972, 1979, 1983, 1993, 1994, 2010, 2036, 2037, 2038, 2039, 2040, 2041, 2042, 2043, 2044, 2045, 2046, 2047, 2048, 2049, 2067, 2068, 2070, 2073, 2075, 2089, 2108, 2109, 2124, 2129, 2131, 2140, 2141, 2195, 2196, 2244, 2286, 2316, 2317, 2324, 2370, 2383, 2419, 2444, 2445, 2485, 2493, 2499, 2513, 2569, 2570, 2571, 2572, 2582, 2590, 2602, 2614, 2625, 2674, 2679, 2708]"
43,"[2, 5, 6, 21, 25, 36, 55, 118, 122, 128, 131, 132, 174, 180, 181, 185, 195, 196, 220, 225, 226, 227, 228, 229, 230, 231, 232, 233, 234, 235, 236, 237, 238, 269, 270, 271, 279, 289, 291, 299, 319, 337, 347, 350, 362, 402, 410, 413, 418, 447, 464, 465, 483, 491, 497, 498, 507, 515, 563, 597, 609, 613, 614, 623, 629, 633, 634, 635, 665, 685, 693, 694, 695, 696, 697, 698, 702, 703, 705, 706, 707, 708, 709, 710, 711, 712, 713, 714, 715, 716, 717, 718, 719, 720, 721, 722, 723, 724, 725, 727, 728, 729, 730, 731, 732, 733, 734, 735, 736, 737, 738, 739, 740, 751, 753, 759, 760, 794, 795, 827, 869, 983, 991, 992, 996, 1019, 1028, 1032, 1093, 1173, 1222, 1227, 1333, 1394, 1407, 1436, 1437, 1438, 1440, 1441, 1465, 1481, 1507, 1537, 1538, 1554, 1556, 1624, 1627, 1667, 1696, 1712, 1715, 1742, 1794, 1799, 1800, 1801, 1802, 1803, 1804, 1805, 1806, 1807, 1808, 1812, 1813, 1814, 1815, 1818, 1822, 1823, 1824, 1825, 1826, 1827, 1828, 1829, 1830, 1831, 1832, 1833, 1834, 1835, 1836, 1837, 1838, 1839, 1840, 1842, 1843, 1844, 1845, 1846, 1848, 1849, 1850, 1851, 1863, 1870, 1871, 1884, 1905, 1935, 1936, 1940, 1949, 1951, 1960, 1971, 1972, 1979, 1993, 1994, 2010, 2036, 2037, 2038, 2039, 2040, 2041, 2042, 2043, 2044, 2045, 2046, 2047, 2048, 2049, 2067, 2068, 2069, 2070, 2073, 2074, 2075, 2089, 2108, 2124, 2129, 2131, 2140, 2141, 2195, 2196, 2244, 2286, 2314, 2316, 2317, 2324, 2370, 2383, 2419, 2444, 2445, 2474, 2485, 2490, 2493, 2499, 2513, 2519, 2569, 2570, 2571, 2572, 2582, 2590, 2602, 2614, 2625, 2674, 2679, 2708]"
44,"[2, 5, 6, 21, 25, 28, 29, 36, 85, 117, 118, 128, 131, 132, 144, 145, 146, 147, 148, 149, 150, 151, 152, 153, 154, 174, 180, 181, 185, 195, 196, 219, 220, 221, 223, 225, 226, 227, 228, 229, 230, 231, 232, 233, 234, 235, 236, 237, 238, 269, 271, 279, 289, 291, 319, 326, 337, 347, 362, 402, 410, 413, 418, 419, 447, 460, 464, 465, 483, 491, 497, 507, 515, 563, 597, 604, 609, 613, 621, 622, 623, 629, 633, 634, 635, 637, 638, 639, 640, 641, 642, 651, 665, 685, 693, 694, 695, 696, 697, 698, 702, 703, 705, 706, 707, 708, 709, 710, 711, 712, 713, 714, 715, 716, 717, 718, 719, 720, 721, 722, 723, 724, 725, 727, 728, 729, 730, 731, 732, 733, 734, 735, 736, 737, 738, 739, 740, 751, 753, 757, 758, 759, 760, 792, 794, 795, 806, 807, 827, 983, 991, 992, 996, 1019, 1028, 1032, 1093, 1103, 1104, 1118, 1177, 1178, 1179, 1192, 1222, 1227, 1333, 1358, 1359, 1394, 1407, 1436, 1437, 1438, 1440, 1441, 1481, 1537, 1538, 1554, 1556, 1561, 1562, 1563, 1589, 1590, 1591, 1592, 1593, 1624, 1627, 1667, 1696, 1742, 1794, 1799, 1800, 1801, 1802, 1803, 1804, 1805, 1806, 1807, 1808, 1809, 1810, 1811, 1812, 1813, 1814, 1815, 1818, 1820, 1822, 1823, 1824, 1825, 1826, 1827, 1828, 1829, 1830, 1831, 1832, 1833, 1834, 1835, 1836, 1837, 1838, 1839, 1840, 1842, 1843, 1844, 1845, 1846, 1848, 1849, 1850, 1851, 1863, 1870, 1871, 1884, 1905, 1932, 1933, 1934, 1935, 1936, 1937, 1940, 1951, 1960, 1979, 1993, 1994, 2003, 2005, 2010, 2037, 2038, 2040, 2041, 2042, 2043, 2044, 2045, 2046, 2047, 2048, 2049, 2056, 2066, 2067, 2068, 2069, 2070, 2073, 2074, 2075, 2089, 2108, 2124, 2129, 2131, 2140, 2164, 2182, 2195, 2196, 2199, 2209, 2210, 2212, 2244, 2256, 2258, 2286, 2314, 2316, 2317, 2444, 2445, 2473, 2474, 2477, 2484, 2485, 2490, 2493, 2496, 2513, 2519, 2569, 2570, 2571, 2572, 2582, 2590, 2602, 2614, 2625, 2674, 2679]"
45,"[2, 5, 6, 21, 25, 28, 29, 36, 84, 85, 117, 118, 128, 132, 144, 145, 146, 147, 148, 149, 150, 151, 152, 153, 154, 174, 181, 185, 190, 195, 196, 219, 220, 221, 222, 223, 224, 225, 226, 227, 228, 229, 230, 231, 232, 233, 234, 235, 236, 237, 238, 269, 271, 279, 289, 291, 319, 326, 327, 337, 362, 402, 410, 413, 418, 419, 460, 464, 465, 483, 491, 497, 507, 515, 563, 597, 604, 609, 613, 620, 621, 622, 623, 633, 634, 635, 637, 638, 639, 640, 641, 642, 651, 665, 685, 693, 694, 695, 696, 697, 698, 702, 703, 705, 706, 707, 708, 709, 710, 711, 712, 713, 714, 715, 716, 717, 718, 719, 728, 729, 730, 731, 732, 733, 734, 735, 736, 737, 738, 739, 740, 751, 757, 758, 759, 760, 792, 794, 795, 806, 807, 827, 909, 983, 991, 1019, 1032, 1103, 1104, 1117, 1118, 1176, 1177, 1178, 1179, 1192, 1222, 1227, 1357, 1358, 1359, 1360, 1394, 1398, 1399, 1407, 1436, 1437, 1438, 1440, 1441, 1481, 1537, 1538, 1554, 1556, 1561, 1562, 1563, 1589, 1590, 1591, 1592, 1593, 1596, 1597, 1624, 1627, 1667, 1696, 1742, 1794, 1796, 1797, 1798, 1799, 1800, 1801, 1802, 1803, 1804, 1805, 1806, 1807, 1808, 1809, 1810, 1811, 1812, 1813, 1814, 1815, 1818, 1820, 1821, 1822, 1823, 1825, 1826, 1827, 1828, 1829, 1830, 1831, 1832, 1833, 1834, 1835, 1836, 1837, 1838, 1839, 1840, 1842, 1843, 1844, 1845, 1846, 1863, 1870, 1871, 1884, 1932, 1933, 1934, 1935, 1936, 1937, 1940, 1951, 1960, 1993, 1994, 1995, 2003, 2004, 2005, 2037, 2038, 2040, 2041, 2042, 2043, 2044, 2045, 2046, 2047, 2049, 2056, 2066, 2067, 2068, 2069, 2070, 2074, 2075, 2108, 2124, 2129, 2164, 2178, 2180, 2181, 2182, 2194, 2195, 2196, 2199, 2209, 2210, 2211, 2212, 2244, 2256, 2258, 2286, 2314, 2316, 2317, 2444, 2445, 2473, 2474, 2475, 2476, 2477, 2484, 2485, 2490, 2493, 2496, 2509, 2519, 2569, 2570, 2571, 2572, 2582, 2602, 2614, 2625, 2674]"
46,"[2, 6, 21, 25, 28, 29, 36, 84, 85, 117, 118, 128, 132, 144, 145, 146, 147, 148, 149, 150, 151, 152, 153, 154, 174, 181, 185, 190, 195, 196, 218, 219, 220, 221, 222, 223, 224, 225, 226, 227, 228, 229, 230, 231, 232, 233, 234, 235, 236, 237, 238, 269, 271, 279, 289, 291, 326, 327, 337, 362, 410, 413, 418, 419, 460, 464, 465, 483, 491, 507, 515, 563, 597, 604, 609, 613, 620, 621, 622, 623, 633, 634, 635, 637, 638, 639, 640, 641, 642, 651, 665, 685, 698, 757, 758, 759, 760, 773, 792, 794, 806, 807, 827, 908, 909, 1019, 1103, 1104, 1107, 1117, 1118, 1176, 1177, 1178, 1179, 1192, 1222, 1227, 1357, 1358, 1359, 1360, 1394, 1398, 1399, 1436, 1441, 1481, 1537, 1538, 1554, 1556, 1561, 1562, 1563, 1589, 1590, 1591, 1592, 1593, 1596, 1597, 1624, 1627, 1667, 1696, 1742, 1796, 1797, 1798, 1799, 1800, 1801, 1802, 1803, 1804, 1805, 1806, 1807, 1808, 1809, 1810, 1811, 1812, 1813, 1814, 1815, 1818, 1820, 1821, 1823, 1832, 1833, 1839, 1840, 1845, 1846, 1870, 1871, 1884, 1932, 1933, 1934, 1935, 1936, 1937, 1940, 1951, 1993, 1994, 1995, 2003, 2004, 2005, 2038, 2042, 2043, 2044, 2045, 2046, 2047, 2056, 2066, 2067, 2068, 2069, 2070, 2071, 2074, 2075, 2108, 2124, 2164, 2178, 2180, 2181, 2182, 2194, 2195, 2199, 2209, 2210, 2211, 2212, 2244, 2256, 2258, 2286, 2314, 2316, 2473, 2474, 2475, 2476, 2477, 2484, 2485, 2490, 2493, 2496, 2509, 2519, 2569, 2570, 2571, 2572, 2582, 2602, 2614, 2625]"
47,"[6, 21, 25, 28, 29, 36, 84, 85, 117, 118, 128, 132, 144, 145, 146, 147, 148, 149, 150, 151, 152, 153, 154, 174, 181, 185, 190, 195, 196, 218, 219, 220, 221, 222, 223, 224, 225, 226, 227, 228, 229, 230, 231, 232, 233, 234, 235, 236, 237, 238, 269, 271, 279, 289, 291, 326, 327, 337, 345, 362, 410, 413, 418, 419, 460, 465, 483, 507, 515, 563, 597, 604, 609, 613, 620, 621, 622, 623, 633, 634, 635, 637, 638, 639, 640, 641, 642, 651, 665, 698, 757, 758, 759, 760, 773, 792, 794, 806, 807, 827, 908, 909, 916, 953, 1019, 1103, 1104, 1107, 1117, 1118, 1176, 1177, 1178, 1179, 1192, 1222, 1227, 1356, 1357, 1358, 1359, 1360, 1370, 1372, 1394, 1398, 1399, 1436, 1441, 1481, 1537, 1538, 1554, 1556, 1561, 1562, 1563, 1589, 1590, 1591, 1592, 1593, 1596, 1597, 1624, 1662, 1696, 1742, 1796, 1797, 1798, 1799, 1800, 1801, 1802, 1803, 1804, 1805, 1806, 1807, 1808, 1809, 1810, 1811, 1812, 1813, 1814, 1815, 1818, 1820, 1821, 1832, 1833, 1845, 1846, 1871, 1884, 1932, 1933, 1934, 1935, 1936, 1937, 1940, 1951, 1993, 1995, 2003, 2004, 2005, 2038, 2042, 2043, 2044, 2045, 2046, 2047, 2056, 2066, 2067, 2068, 2069, 2070, 2071, 2074, 2075, 2108, 2110, 2124, 2127, 2164, 2178, 2180, 2181, 2182, 2194, 2199, 2209, 2210, 2211, 2212, 2244, 2245, 2256, 2258, 2286, 2314, 2316, 2473, 2474, 2475, 2476, 2477, 2484, 2485, 2490, 2493, 2496, 2509, 2519, 2569, 2570, 2571, 2572, 2582, 2602, 2614, 2625]"
48,"[21, 28, 29, 36, 84, 85, 117, 118, 128, 132, 144, 145, 146, 147, 148, 149, 150, 151, 152, 153, 154, 174, 181, 185, 190, 195, 218, 219, 220, 221, 222, 223, 224, 225, 226, 227, 228, 229, 230, 231, 232, 233, 234, 235, 236, 237, 238, 269, 271, 279, 289, 326, 327, 345, 410, 413, 418, 419, 460, 483, 507, 515, 563, 597, 604, 609, 612, 620, 621, 622, 623, 633, 634, 635, 637, 638, 639, 640, 641, 642, 651, 665, 698, 757, 758, 759, 760, 773, 792, 794, 806, 807, 827, 908, 909, 916, 953, 1019, 1094, 1103, 1104, 1107, 1117, 1118, 1176, 1177, 1178, 1179, 1192, 1222, 1227, 1232, 1356, 1357, 1358, 1359, 1360, 1370, 1372, 1394, 1398, 1399, 1436, 1441, 1481, 1538, 1556, 1561, 1562, 1563, 1589, 1590, 1591, 1592, 1593, 1596, 1597, 1624, 1662, 1696, 1796, 1797, 1798, 1799, 1800, 1801, 1802, 1803, 1804, 1805, 1806, 1807, 1808, 1809, 1810, 1811, 1812, 1813, 1814, 1815, 1818, 1820, 1821, 1871, 1884, 1932, 1933, 1934, 1935, 1936, 1937, 1940, 1951, 1993, 1995, 2003, 2004, 2005, 2033, 2038, 2042, 2043, 2044, 2045, 2046, 2047, 2056, 2066, 2067, 2068, 2069, 2070, 2071, 2074, 2075, 2108, 2110, 2124, 2127, 2164, 2178, 2180, 2181, 2182, 2194, 2199, 2209, 2210, 2211, 2212, 2244, 2245, 2256, 2258, 2314, 2316, 2473, 2474, 2475, 2476, 2477, 2484, 2485, 2490, 2493, 2496, 2509, 2519, 2569, 2570, 2571, 2572, 2582, 2602, 2625]"
49,"[21, 28, 29, 36, 84, 85, 117, 128, 132, 144, 145, 146, 147, 148, 149, 150, 151, 152, 153, 154, 174, 181, 185, 190, 218, 219, 220, 221, 222, 223, 224, 225, 226, 227, 228, 229, 230, 231, 232, 233, 234, 235, 236, 237, 238, 289, 326, 327, 345, 410, 418, 419, 460, 475, 483, 507, 515, 563, 597, 604, 612, 620, 621, 622, 623, 633, 634, 635, 637, 638, 639, 640, 641, 642, 651, 665, 698, 757, 758, 759, 760, 773, 792, 794, 806, 807, 908, 909, 916, 953, 1019, 1094, 1103, 1104, 1107, 1117, 1118, 1176, 1177, 1178, 1179, 1192, 1222, 1224, 1227, 1231, 1232, 1356, 1357, 1358, 1359, 1360, 1369, 1370, 1371, 1372, 1394, 1398, 1399, 1436, 1441, 1481, 1538, 1556, 1561, 1562, 1563, 1589, 1590, 1591, 1592, 1593, 1596, 1597, 1624, 1662, 1796, 1797, 1798, 1799, 1800, 1801, 1802, 1803, 1804, 1805, 1806, 1807, 1808, 1809, 1810, 1811, 1812, 1813, 1814, 1815, 1820, 1821, 1884, 1932, 1933, 1934, 1935, 1936, 1937, 1940, 1951, 1993, 1995, 2003, 2004, 2005, 2033, 2043, 2044, 2045, 2047, 2056, 2066, 2067, 2068, 2069, 2070, 2071, 2074, 2075, 2108, 2110, 2124, 2127, 2164, 2178, 2180, 2181, 2182, 2194, 2199, 2209, 2210, 2211, 2212, 2244, 2245, 2256, 2258, 2314, 2316, 2473, 2474, 2475, 2476, 2477, 2484, 2490, 2493, 2496, 2509, 2519, 2569, 2570, 2571, 2572, 2582, 2625]"
50,"[28, 29, 84, 85, 117, 132, 144, 145, 146, 147, 148, 149, 150, 151, 152, 153, 154, 174, 181, 185, 186, 190, 218, 219, 220, 221, 222, 223, 224, 225, 226, 227, 228, 229, 230, 231, 232, 233, 234, 235, 236, 237, 238, 289, 326, 327, 345, 410, 418, 419, 460, 475, 483, 538, 563, 597, 604, 612, 620, 621, 622, 633, 634, 635, 637, 638, 639, 640, 641, 642, 648, 651, 757, 758, 759, 760, 773, 792, 794, 806, 807, 908, 909, 916, 953, 1019, 1094, 1103, 1104, 1107, 1117, 1118, 1176, 1177, 1178, 1179, 1192, 1222, 1224, 1227, 1231, 1232, 1356, 1357, 1358, 1359, 1360, 1368, 1369, 1370, 1371, 1372, 1394, 1398, 1399, 1436, 1441, 1481, 1538, 1556, 1561, 1562, 1563, 1589, 1590, 1591, 1592, 1593, 1596, 1597, 1624, 1662, 1796, 1797, 1798, 1799, 1800, 1801, 1802, 1803, 1804, 1805, 1806, 1807, 1808, 1809, 1810, 1811, 1812, 1813, 1814, 1815, 1820, 1821, 1884, 1932, 1933, 1934, 1935, 1936, 1937, 1940, 1951, 1956, 1993, 1995, 2003, 2004, 2005, 2033, 2043, 2044, 2045, 2047, 2056, 2066, 2067, 2068, 2069, 2070, 2071, 2074, 2075, 2110, 2124, 2127, 2164, 2178, 2180, 2181, 2182, 2194, 2199, 2209, 2210, 2211, 2212, 2245, 2246, 2254, 2256, 2258, 2314, 2316, 2473, 2474, 2475, 2476, 2477, 2484, 2490, 2494, 2496, 2509, 2519, 2569, 2570, 2571, 2572, 2582, 2625]"
51,"[27, 28, 29, 84, 85, 117, 132, 144, 145, 146, 147, 148, 149, 150, 151, 152, 153, 154, 174, 181, 184, 186, 190, 218, 219, 220, 221, 222, 223, 224, 225, 226, 227, 228, 229, 230, 231, 232, 233, 234, 235, 236, 237, 238, 289, 326, 327, 345, 410, 418, 419, 460, 475, 483, 538, 563, 597, 604, 612, 620, 621, 622, 633, 634, 635, 637, 638, 639, 640, 641, 642, 648, 651, 757, 758, 759, 760, 773, 792, 794, 806, 807, 908, 909, 916, 953, 1019, 1094, 1103, 1104, 1106, 1107, 1117, 1118, 1176, 1177, 1178, 1179, 1192, 1222, 1224, 1225, 1227, 1231, 1232, 1356, 1357, 1358, 1359, 1360, 1368, 1369, 1370, 1371, 1372, 1394, 1398, 1399, 1436, 1441, 1481, 1538, 1561, 1562, 1563, 1589, 1590, 1591, 1592, 1593, 1596, 1597, 1662, 1796, 1797, 1798, 1799, 1802, 1804, 1806, 1807, 1808, 1809, 1810, 1811, 1812, 1814, 1815, 1820, 1821, 1932, 1933, 1934, 1935, 1936, 1937, 1940, 1951, 1956, 1995, 2003, 2004, 2005, 2033, 2044, 2045, 2047, 2056, 2066, 2069, 2071, 2074, 2110, 2124, 2127, 2164, 2178, 2180, 2181, 2182, 2194, 2199, 2209, 2210, 2211, 2212, 2245, 2246, 2254, 2256, 2258, 2314, 2316, 2473, 2474, 2475, 2476, 2477, 2484, 2487, 2490, 2494, 2496, 2509, 2519, 2569, 2570, 2571, 2582, 2698]"
52,"[27, 28, 29, 84, 85, 117, 144, 145, 146, 147, 148, 149, 150, 151, 152, 153, 154, 184, 186, 190, 211, 218, 219, 220, 221, 222, 223, 224, 225, 226, 227, 228, 229, 230, 231, 232, 233, 234, 235, 236, 237, 238, 326, 327, 345, 419, 460, 475, 538, 560, 563, 597, 604, 612, 620, 621, 622, 633, 634, 635, 637, 638, 639, 640, 641, 642, 648, 651, 757, 758, 759, 760, 773, 792, 794, 806, 807, 908, 909, 910, 916, 953, 1094, 1103, 1104, 1106, 1107, 1117, 1118, 1176, 1177, 1178, 1179, 1192, 1224, 1225, 1227, 1231, 1232, 1356, 1357, 1358, 1359, 1360, 1368, 1369, 1370, 1371, 1372, 1398, 1399, 1436, 1538, 1561, 1562, 1563, 1589, 1590, 1591, 1592, 1593, 1596, 1597, 1662, 1796, 1797, 1798, 1809, 1810, 1811, 1812, 1814, 1820, 1821, 1932, 1933, 1934, 1935, 1936, 1937, 1940, 1951, 1956, 1995, 2003, 2004, 2005, 2033, 2056, 2066, 2069, 2071, 2074, 2110, 2127, 2164, 2178, 2180, 2181, 2182, 2194, 2199, 2209, 2210, 2211, 2212, 2245, 2246, 2248, 2254, 2256, 2258, 2314, 2473, 2474, 2475, 2476, 2477, 2484, 2486, 2487, 2490, 2494, 2496, 2509, 2519, 2698]"
53,"[27, 28, 29, 84, 85, 117, 144, 145, 146, 147, 148, 149, 150, 151, 152, 153, 154, 184, 186, 190, 211, 216, 218, 219, 221, 222, 223, 224, 326, 327, 345, 419, 460, 468, 475, 538, 560, 604, 612, 620, 621, 622, 637, 638, 639, 640, 641, 642, 648, 651, 757, 758, 773, 792, 806, 807, 908, 909, 910, 916, 953, 1094, 1103, 1104, 1106, 1107, 1117, 1118, 1176, 1177, 1178, 1179, 1192, 1224, 1225, 1231, 1232, 1356, 1357, 1358, 1359, 1360, 1368, 1369, 1370, 1371, 1372, 1398, 1399, 1561, 1562, 1563, 1589, 1590, 1591, 1592, 1593, 1596, 1597, 1662, 1796, 1797, 1798, 1809, 1810, 1811, 1820, 1821, 1932, 1933, 1934, 1937, 1956, 1981, 1995, 2003, 2004, 2005, 2033, 2056, 2066, 2071, 2110, 2127, 2164, 2178, 2180, 2181, 2182, 2194, 2199, 2209, 2210, 2211, 2212, 2245, 2246, 2248, 2254, 2256, 2258, 2473, 2475, 2476, 2477, 2484, 2486, 2487, 2494, 2496, 2509, 2698]"
54,"[27, 84, 184, 186, 190, 211, 216, 218, 222, 224, 283, 327, 345, 468, 475, 538, 560, 612, 620, 648, 773, 801, 908, 909, 910, 916, 953, 954, 1094, 1106, 1107, 1117, 1176, 1224, 1225, 1231, 1232, 1356, 1357, 1360, 1368, 1369, 1370, 1371, 1372, 1398, 1399, 1419, 1596, 1597, 1662, 1796, 1797, 1798, 1821, 1900, 1956, 1981, 1995, 2004, 2033, 2071, 2072, 2110, 2127, 2178, 2180, 2181, 2194, 2211, 2245, 2246, 2248, 2254, 2475, 2476, 2486, 2487, 2491, 2494, 2509, 2698, 2705]"
55,"[27, 184, 186, 194, 211, 216, 218, 283, 323, 345, 468, 475, 538, 560, 612, 648, 773, 801, 908, 910, 916, 952, 953, 954, 955, 1094, 1106, 1107, 1224, 1225, 1231, 1232, 1323, 1356, 1368, 1369, 1370, 1371, 1372, 1419, 1662, 1900, 1956, 1981, 2033, 2071, 2072, 2110, 2127, 2128, 2245, 2246, 2248, 2254, 2486, 2487, 2491, 2494, 2698, 2705]"
56,"[27, 183, 184, 186, 194, 211, 216, 283, 323, 345, 468, 475, 538, 560, 612, 648, 801, 910, 916, 952, 953, 954, 955, 1094, 1106, 1109, 1223, 1224, 1225, 1231, 1232, 1323, 1356, 1368, 1369, 1370, 1371, 1372, 1419, 1662, 1900, 1956, 1981, 2033, 2072, 2110, 2127, 2128, 2245, 2246, 2247, 2248, 2254, 2486, 2487, 2491, 2494, 2698, 2705]"
57,"[9, 27, 183, 184, 186, 194, 211, 216, 283, 323, 466, 468, 475, 538, 560, 612, 648, 801, 802, 910, 952, 954, 955, 1094, 1106, 1109, 1223, 1224, 1225, 1231, 1232, 1308, 1323, 1368, 1369, 1371, 1419, 1900, 1956, 1981, 2033, 2072, 2128, 2246, 2247, 2248, 2254, 2486, 2487, 2491, 2494, 2698, 2705]"
58,"[1, 9, 27, 129, 183, 184, 186, 194, 211, 212, 216, 247, 272, 283, 323, 466, 468, 475, 538, 560, 648, 801, 802, 910, 952, 954, 955, 1106, 1109, 1223, 1224, 1225, 1231, 1308, 1323, 1368, 1369, 1371, 1419, 1900, 1950, 1956, 1981, 2072, 2128, 2246, 2247, 2248, 2254, 2486, 2487, 2488, 2491, 2494, 2529, 2698, 2705]"
59,"[1, 9, 27, 129, 183, 184, 186, 194, 211, 212, 216, 247, 272, 283, 323, 466, 468, 538, 560, 648, 801, 802, 910, 952, 954, 955, 1106, 1109, 1223, 1225, 1308, 1323, 1368, 1419, 1900, 1950, 1956, 1981, 2072, 2128, 2246, 2247, 2248, 2254, 2486, 2487, 2488, 2491, 2494, 2529, 2698, 2705]"
60,"[1, 9, 27, 124, 129, 183, 184, 192, 194, 211, 212, 216, 247, 272, 283, 284, 323, 466, 468, 560, 801, 802, 910, 915, 952, 954, 955, 1106, 1109, 1223, 1225, 1308, 1323, 1397, 1419, 1420, 1900, 1950, 1981, 2072, 2128, 2247, 2248, 2486, 2487, 2488, 2491, 2529, 2698, 2705]"
61,"[1, 9, 124, 129, 183, 192, 194, 211, 212, 216, 247, 272, 283, 284, 323, 466, 468, 560, 801, 802, 907, 910, 915, 952, 954, 955, 1109, 1223, 1308, 1323, 1397, 1419, 1420, 1900, 1950, 1981, 2072, 2128, 2247, 2248, 2486, 2488, 2491, 2529, 2705]"
62,"[1, 9, 124, 129, 183, 192, 194, 210, 212, 213, 216, 217, 247, 272, 283, 284, 323, 466, 468, 801, 802, 907, 915, 952, 954, 955, 1105, 1109, 1223, 1308, 1323, 1397, 1419, 1420, 1900, 1950, 1981, 2072, 2128, 2247, 2488, 2491, 2529, 2705]"
63,"[1, 9, 124, 129, 183, 192, 194, 210, 212, 213, 217, 247, 272, 283, 284, 287, 323, 466, 668, 801, 802, 907, 915, 952, 954, 955, 1105, 1109, 1223, 1308, 1323, 1397, 1419, 1420, 1900, 1950, 2072, 2128, 2247, 2488, 2491, 2529, 2530, 2705]"
64,"[1, 9, 124, 129, 183, 192, 194, 203, 210, 212, 213, 217, 247, 272, 284, 287, 323, 466, 606, 668, 802, 907, 915, 952, 955, 1105, 1109, 1223, 1308, 1323, 1397, 1420, 1711, 1950, 2128, 2247, 2488, 2529, 2530]"
65,"[1, 8, 9, 124, 129, 183, 192, 203, 210, 212, 213, 217, 247, 254, 256, 258, 260, 262, 264, 266, 272, 284, 287, 466, 606, 668, 802, 907, 915, 1091, 1105, 1109, 1223, 1308, 1397, 1405, 1420, 1539, 1711, 1950, 2247, 2488, 2529, 2530]"
66,"[1, 8, 9, 124, 129, 192, 203, 210, 212, 213, 214, 217, 247, 254, 256, 258, 260, 262, 264, 266, 272, 284, 287, 466, 606, 668, 802, 907, 915, 1091, 1105, 1228, 1308, 1397, 1401, 1403, 1405, 1420, 1539, 1664, 1711, 1950, 2488, 2529, 2530]"
67,"[1, 8, 124, 129, 192, 201, 203, 210, 212, 213, 214, 217, 247, 254, 256, 258, 260, 262, 264, 266, 272, 284, 287, 606, 668, 907, 915, 1091, 1105, 1228, 1397, 1401, 1403, 1405, 1420, 1539, 1664, 1711, 1899, 1950, 2488, 2529, 2530]"
68,"[8, 124, 192, 193, 201, 203, 210, 213, 214, 217, 254, 256, 258, 260, 262, 264, 266, 284, 287, 606, 668, 907, 915, 1091, 1105, 1228, 1397, 1401, 1403, 1405, 1420, 1539, 1664, 1711, 1899, 2310, 2530]"
69,"[8, 124, 192, 193, 201, 203, 210, 213, 214, 217, 254, 256, 258, 260, 262, 264, 266, 284, 287, 606, 668, 907, 915, 1091, 1105, 1228, 1397, 1401, 1403, 1405, 1420, 1539, 1660, 1664, 1711, 1898, 1899, 2310, 2530]"
70,"[8, 193, 201, 203, 210, 213, 214, 217, 254, 256, 258, 260, 262, 264, 266, 287, 606, 668, 907, 1033, 1091, 1095, 1105, 1228, 1401, 1403, 1405, 1539, 1660, 1664, 1710, 1711, 1898, 1899, 2310, 2530, 2697]"
71,"[8, 193, 201, 203, 210, 213, 214, 217, 254, 256, 258, 260, 262, 264, 266, 287, 606, 668, 1033, 1091, 1092, 1095, 1105, 1228, 1401, 1403, 1405, 1539, 1660, 1664, 1710, 1711, 1898, 1899, 1962, 2310, 2530, 2697]"
72,"[8, 193, 201, 203, 214, 252, 254, 256, 258, 260, 262, 264, 266, 286, 287, 606, 668, 1033, 1091, 1092, 1095, 1120, 1228, 1401, 1403, 1405, 1432, 1539, 1660, 1664, 1710, 1711, 1898, 1899, 1962, 2310, 2530, 2697]"
73,"[8, 193, 201, 203, 214, 239, 241, 242, 243, 244, 246, 248, 251, 252, 254, 256, 258, 260, 262, 264, 266, 286, 606, 1033, 1091, 1092, 1095, 1120, 1228, 1401, 1403, 1405, 1432, 1433, 1434, 1435, 1439, 1539, 1660, 1664, 1710, 1711, 1898, 1899, 1962, 2310, 2697]"
74,"[8, 193, 201, 214, 239, 241, 242, 243, 244, 246, 248, 251, 252, 254, 256, 258, 260, 262, 264, 266, 286, 1033, 1091, 1092, 1095, 1120, 1228, 1401, 1403, 1405, 1411, 1432, 1433, 1434, 1435, 1439, 1539, 1660, 1664, 1710, 1898, 1899, 1962, 2310, 2528, 2697]"
75,"[191, 193, 201, 214, 239, 241, 242, 243, 244, 246, 248, 251, 252, 277, 286, 325, 463, 873, 874, 1033, 1092, 1095, 1120, 1228, 1242, 1401, 1403, 1411, 1432, 1433, 1434, 1435, 1439, 1660, 1664, 1710, 1898, 1899, 1962, 2310, 2528, 2697]"
76,"[191, 193, 201, 239, 241, 242, 243, 244, 246, 248, 251, 252, 277, 286, 325, 463, 873, 874, 1033, 1092, 1095, 1120, 1242, 1411, 1432, 1433, 1434, 1435, 1439, 1660, 1699, 1710, 1898, 1899, 1961, 1962, 2310, 2528, 2697]"
77,"[191, 193, 239, 240, 241, 242, 243, 244, 245, 246, 248, 249, 250, 251, 252, 277, 286, 325, 463, 873, 874, 1033, 1092, 1095, 1120, 1242, 1411, 1432, 1433, 1434, 1435, 1439, 1660, 1699, 1710, 1898, 1961, 1962, 2310, 2528, 2697]"
78,"[22, 191, 239, 240, 241, 242, 243, 244, 245, 246, 248, 249, 250, 251, 252, 277, 286, 325, 463, 873, 874, 1033, 1092, 1095, 1120, 1242, 1411, 1432, 1433, 1434, 1435, 1439, 1660, 1699, 1710, 1898, 1961, 1962, 2207, 2528, 2697]"
79,"[22, 191, 239, 240, 241, 242, 243, 244, 245, 246, 248, 249, 250, 251, 252, 277, 286, 325, 463, 873, 874, 1033, 1092, 1095, 1120, 1242, 1411, 1432, 1433, 1434, 1435, 1439, 1699, 1710, 1961, 1962, 2207, 2528, 2697]"
80,"[22, 191, 239, 240, 241, 242, 243, 244, 245, 246, 248, 249, 250, 251, 252, 277, 278, 286, 290, 325, 463, 873, 874, 1092, 1120, 1242, 1411, 1432, 1433, 1434, 1435, 1439, 1699, 1961, 1962, 2207, 2528]"
81,"[22, 191, 239, 240, 241, 242, 243, 244, 245, 246, 248, 249, 250, 251, 252, 277, 278, 286, 290, 325, 463, 873, 874, 1120, 1242, 1411, 1432, 1433, 1434, 1435, 1439, 1699, 1961, 2207, 2528]"
82,"[22, 191, 239, 240, 241, 242, 243, 244, 245, 246, 248, 249, 250, 251, 277, 278, 290, 325, 463, 873, 874, 1242, 1411, 1433, 1434, 1435, 1439, 1699, 1721, 1961, 2207, 2528]"
83,"[22, 87, 113, 191, 240, 245, 249, 250, 277, 278, 290, 325, 463, 873, 874, 1242, 1411, 1699, 1721, 1961, 2207, 2528]"
84,"[22, 87, 113, 191, 240, 245, 249, 250, 277, 278, 290, 325, 463, 873, 874, 1242, 1699, 1721, 1961, 2207]"
85,"[22, 87, 113, 240, 245, 249, 250, 278, 290, 1699, 1721, 1961, 2207]"
86,"[22, 87, 113, 240, 245, 249, 250, 278, 290, 1721, 2207]"
87,"[22, 87, 113, 278, 290, 1721, 2207]"
88,"[87, 113, 278, 290, 1721]"
89,"[87, 113, 278, 290, 1721]"
90,"[87, 113, 1721]"
91,"[87, 113, 1721]"
92,"[87, 113]"
93,[]
94,[]
95,[]
96,[661]
97,"[661, 2720]"
98,"[661, 2720]"
99,"[661, 2720]"
100,"[661, 2126, 2720]"
101,"[661, 2126, 2720]"
102,"[661, 2126, 2720]"
103,"[661, 2126, 2720]"
104,"[661, 2126, 2720]"
105,"[197, 661, 2126, 2720]"
106,"[197, 1722, 2126, 2720]"
107,"[197, 1722, 2126]"
108,"[197, 1722, 2126]"
109,"[197, 1722, 2126]"
110,"[197, 1722]"
111,"[197, 1722]"
112,"[197, 1722]"
113,"[197, 1722]"
114,"[197, 1722]"
115,[1722]
116,"[662, 1410]"
117,"[662, 1410]"
118,"[662, 1410]"
119,"[662, 1410]"
120,"[662, 1410]"
121,"[662, 1410]"
122,"[662, 1410]"
123,"[662, 674, 1410]"
124,"[662, 674, 1410]"
125,"[662, 674, 1410]"
126,[674]
127,[674]
128,[674]
129,[674]
130,[674]
131,[674]
132,[674]
133,[]
134,[]
135,[]
136,[]
137,[]
138,[]
139,[]
140,[]
141,[]
142,[]
143,[]
144,[]
145,[]
146,[]
147,[]
148,[]
149,[]
150,[]
151,[]
152,[]
153,[]
154,[]
155,[]
156,[]
157,[]
158,[]
159,[]
160,[]
161,[]
162,[]
163,[]
164,[]
165,[]
166,[]
167,[]
168,[]
169,[]
170,[]
171,[]
172,[]
173,[]
174,[]
175,[]
176,[]
177,[]
178,[]
179,[]
180,[]
181,[]
182,[]
183,[]
184,[]
185,[]
186,[]
187,[]
188,[]
189,[]
190,[]
191,[]
192,[]
193,[]
194,[]
195,[]
196,[]
197,[]
198,[]
199,[]
200,[]
201,[]
202,[]
203,[]
204,[]
205,[]
206,[]
207,[]
208,[]
209,[]
210,[]
211,[]
212,[]
213,[]
214,[]
215,[]
216,[]
217,[]
218,[]
219,[]
220,[]
221,[]
222,[]
223,[]
224,[]
225,[]
226,[]
227,[]
228,[]
229,[]
230,[]
231,[]
232,[]
233,[]
234,[]
235,[]
236,[]
237,[]
238,[]
239,[]
240,[]
241,[]
242,[]
243,[]
244,[]
245,[]
246,[]
247,[]
248,[]
249,[]
250,[]
251,[]
252,[]
253,[]
254,[]
255,[]
